player,position,college,cmbn_score,athlete_score,prod_score,name_norm,pos_group
Joe Royer,TE,Cincinnati,67.5,68.3,65.9,joe royer,TE
Akheem Mesidor,DL,Miami (FL),80.2,67.1,89.6,akheem mesidor,DL
Haynes King,QB,Georgia Tech,73.3,94.2,61.1,haynes king,QB
Romello Height,LB,Texas Tech,73.2,73.2,74.7,romello height,LB
Jeremiah Wright,OL,Auburn,63,71.4,54.8,jeremiah wright,IOL
Dillon Wade,OL,Auburn,69.9,81.1,61.3,dillon wade,IOL
Riley Nowakowski,TE,Indiana,68.5,75.8,62.5,riley nowakowski,TE
CJ Daniels,WR,Miami (FL),73.4,68.7,72.6,cj daniels,WR
Seth McGowan,RB,Kentucky,67.3,73.8,63.6,seth mcgowan,RB
Joshua Braun,OL,Kentucky,66.6,74,65.3,joshua braun,IOL
Carson Beck,QB,Miami (FL),77.1,69.7,84,carson beck,QB
DeMonte Capehart,DL,Clemson,71.4,84.7,63.7,demonte capehart,DL
Noah Whittington,RB,Oregon,57.7,73.2,54.6,noah whittington,RB
Nate Boerkircher,TE,Texas A&M,67.5,66,67.1,nate boerkircher,TE
Fa'alili Fa'amoe,OL,Wake Forest,62.1,71.2,53.5,fa'alili fa'amoe,IOL
Gary Smith III,DL,UCLA,60.3,62,55.1,gary smith,DL
Bud Clark,DB,TCU,79.2,74.8,78.8,bud clark,CB
Emmanuel Pregnon,OL,Oregon,80.9,79.5,79.2,emmanuel pregnon,IOL
Treydan Stukes,DB,Arizona,76.8,78.5,73.7,treydan stukes,CB
Logan Jones,OL,Iowa,75.2,86.8,68.7,logan jones,IOL
Matthew Hibner,TE,SMU,72.3,86.2,67.4,matthew hibner,TE
Bryson Eason,DL,Tennessee,64.4,65.8,60.1,bryson eason,DL
Carver Willis,OL,Washington,68.4,68,64.8,carver willis,IOL
Ar'maj Reed-Adams,OL,Texas A&M,74.6,70,72,ar'maj reed-adams,IOL
Jalon Daniels,QB,Kansas,68.6,79,65.7,jalon daniels,QB
Mason Reiger,DL,Wisconsin,66.7,79.7,67.6,mason reiger,DL
Caullin Lacy,WR,Louisville,66.2,52.4,68.8,caullin lacy,WR
Joe Fagnano,QB,Connecticut,69.9,75.6,64.7,joe fagnano,QB
Keagen Trost,OL,Missouri,73.9,71.2,81.6,keagen trost,IOL
Evan Beerntsen,OL,Northwestern,65.3,62.3,69,evan beerntsen,IOL
Julian Neal,DB,Arkansas,74.8,75.5,71.4,julian neal,CB
Garrett DiGiorgio,OL,UCLA,57.2,68.9,54.2,garrett digiorgio,IOL
Fernando Carmona,OL,Arkansas,70.8,79.2,71.3,fernando carmona,IOL
Cashius Howell,LB,Texas A&M,77,73.6,74.1,cashius howell,LB
Deven Eastern,DL,Minnesota,62.3,61.4,58.3,deven eastern,DL
Mike Washington Jr.,RB,Arkansas,71.2,92.3,54.8,mike washington,RB
Jack Kelly,LB,BYU,71.1,86.3,57.2,jack kelly,LB
Eric Gentry,LB,USC,61,70.9,53.9,eric gentry,LB
Malachi Lawrence,LB,UCF,73,86.4,68.7,malachi lawrence,LB
Eric McAlister,WR,TCU,70.3,68.7,78,eric mcalister,WR
Taylen Green,QB,Arkansas,76.6,97,68.2,taylen green,QB
Diego Pounds,OL,Mississippi,71,82.3,57.8,diego pounds,IOL
Matt Gulbin,OL,Michigan State,73.3,67.7,81.5,matt gulbin,IOL
Chris Adams,OL,Memphis,68.2,72,58.5,chris adams,IOL
Caleb Tiernan,OL,Northwestern,75.5,74.3,74.1,caleb tiernan,IOL
Aidan Hubbard,DL,Northwestern,68.4,66.4,65.9,aidan hubbard,DL
Sam Hecht,OL,Kansas State,74.2,68.4,79.4,sam hecht,IOL
Max Bredeson,TE,Michigan,66.4,64.2,57.1,max bredeson,TE
Rayshaun Benny,DL,Michigan,67.4,75.3,65.3,rayshaun benny,DL
Quintayvious Hutchins,LB,Boston College,53.6,55.1,52.8,quintayvious hutchins,LB
Khalil Dinkins,TE,Penn State,65.1,64.5,66.2,khalil dinkins,TE
Harrison Wallace III,WR,Mississippi,59.1,65.7,61.6,harrison wallace,WR
Zakee Wheatley,DB,Penn State,70.2,69.9,64.8,zakee wheatley,CB
Skyler Bell,WR,Connecticut,77.4,83.5,73.3,skyler bell,WR
Jadon Canady,DB,Oregon,65.8,62,67.5,jadon canady,CB
Latrell McCutchin Sr.,DB,Houston,70.5,79.9,62.5,latrell mccutchin,CB
Jager Burton,OL,Kentucky,60.3,83,54.4,jager burton,IOL
Cameron Ball,DL,Arkansas,65,62.6,64.7,cameron ball,DL
Roman Hemby,RB,Indiana,63.6,72.8,58.4,roman hemby,RB
Darrell Jackson Jr.,DL,Florida State,71.3,68,69.3,darrell jackson,DL
Dontay Corleone,DL,Cincinnati,68,69.8,65.2,dontay corleone,DL
Jaeden Roberts,OL,Alabama,73.7,78.6,70.8,jaeden roberts,IOL
Deontae Lawson,LB,Alabama,70.1,69.9,68.6,deontae lawson,LB
Tim Keenan III,DL,Alabama,59.8,57,60.2,tim keenan,DL
Donaven McCulley,WR,Michigan,58.1,66.5,53.1,donaven mcculley,WR
Gennings Dunker,OL,Iowa,75.2,86,59.1,gennings dunker,IOL
Beau Stephens,OL,Iowa,73.3,66.7,70.7,beau stephens,IOL
Karson Sharar,LB,Iowa,73.7,84.3,64.8,karson sharar,LB
Max Llewellyn,DL,Iowa,65.9,64.8,67.5,max llewellyn,DL
Tyler Onyedim,DL,Texas A&M,65.9,75,63.7,tyler onyedim,DL
Sawyer Robertson,QB,Baylor,67.3,65.3,65.8,sawyer robertson,QB
Michael Trigg,TE,Baylor,72,70.1,69,michael trigg,TE
Lake McRee,TE,USC,65.5,73.2,62.9,lake mcree,TE
Malachi Fields,WR,Notre Dame,74.2,71.7,69.6,malachi fields,WR
Jacob Rodriguez,LB,Texas Tech,78.9,85.8,69.9,jacob rodriguez,LB
Logan Taylor,OL,Boston College,56.8,71.7,53.5,logan taylor,IOL
Micah Morris,OL,Georgia,73.3,85,72.6,micah morris,IOL
Xavian Sorey Jr.,LB,Arkansas,65.8,73.9,55.1,xavian sorey,LB
Austin Barber,OL,Florida,75.6,83.7,66,austin barber,IOL
Jake Slaughter,OL,Florida,81.2,73.4,92.1,jake slaughter,IOL
George Gumbs Jr.,LB,Florida,63.1,74.9,57.9,george gumbs,LB
Nick Barrett,DL,South Carolina,60.2,65.5,57.6,nick barrett,DL
Trey Moore,LB,Texas,69.3,75.8,72.4,trey moore,LB
Behren Morton,QB,Texas Tech,68.9,67.4,58.8,behren morton,QB
Josh Cameron,WR,Baylor,70,80.3,56.8,josh cameron,WR
Jakobe Thomas,DB,Miami (FL),66.3,70.2,65.4,jakobe thomas,CB
Eric Rivers,WR,Georgia Tech,76.1,81.3,75.1,eric rivers,WR
Travis Burke,OL,Memphis,70.1,81.4,66.1,travis burke,IOL
Ahmari Harvey,DB,Georgia Tech,69.5,61.3,67.1,ahmari harvey,CB
Lee Hunter,DL,Texas Tech,72.8,52.7,81.7,lee hunter,DL
Enrique Cruz Jr.,OL,Kansas,71.1,89.9,63.7,enrique cruz,IOL
Will Kacmarek,TE,Ohio State,67.8,73.9,62.6,will kacmarek,TE
Dametrious Crownover,OL,Texas A&M,69,75.4,56.4,dametrious crownover,IOL
Albert Regis,DL,Texas A&M,65.2,70.3,65,albert regis,DL
Eli Stowers,TE,Vanderbilt,85.8,89.8,81.8,eli stowers,TE
Trey Zuhn III,OL,Texas A&M,68.5,73.9,65.3,trey zuhn,IOL
Jake Golday,LB,Cincinnati,83.8,80.7,82.2,jake golday,LB
Febechi Nwaiwu,OL,Oklahoma,74.3,77.2,72.6,febechi nwaiwu,IOL
DJ Rogers,TE,TCU,68.9,69.7,68.7,dj rogers,TE
De'Zhaun Stribling,WR,Mississippi,76,85.5,69,de'zhaun stribling,WR
David Gusta,DL,Kentucky,72.3,91,60.9,david gusta,DL
Dalton Johnson,DB,Arizona,71.2,72.6,68.5,dalton johnson,CB
Chase Roberts,WR,BYU,71.6,66.5,70,chase roberts,WR
Garrett Nussmeier,QB,LSU,70.5,72.1,63,garrett nussmeier,QB
Chris Hilton Jr.,WR,LSU,68.1,70.9,55.9,chris hilton,WR
J. Michael Sturdivant,WR,Florida,71.5,86,58,j michael sturdivant,WR
Kaleb Elarms-Orr,LB,TCU,73.8,82.5,66.9,kaleb elarms-orr,LB
Michael Taaffe,DB,Texas,70.2,70,72.8,michael taaffe,CB
Deion Burks,WR,Oklahoma,77.3,92.9,61.4,deion burks,WR
Patrick Payton,LB,LSU,59.6,67.9,61.4,patrick payton,LB
Lorenzo Styles Jr.,DB,Ohio State,65,79.7,57.1,lorenzo styles,CB
Pat Coogan,OL,Indiana,65.7,72.7,60.8,pat coogan,IOL
Kendal Daniels,DB,Oklahoma,67,72.8,61.7,kendal daniels,CB
Caleb Banks,DL,Florida,71.4,77.4,66.2,caleb banks,DL
Luke Altmyer,QB,Illinois,64.9,76.6,58.7,luke altmyer,QB
Bauer Sharp,TE,LSU,72.6,76.2,65,bauer sharp,TE
J'Mari Taylor,RB,Virginia,68.5,68.2,69.3,j'mari taylor,RB
Josh Cuevas,TE,Alabama,70.2,68.3,76.1,josh cuevas,TE
Andre Fuller,DB,Toledo,75.6,71.9,75.3,andre fuller,CB
John Michael Gyllenborg,TE,Wyoming,72.5,83.8,64,john michael gyllenborg,TE
Emmett Johnson,RB,Nebraska,73.7,63.8,75.6,emmett johnson,RB
DJ Singleton Jr.,DB,Nebraska,72.8,78.9,66,dj singleton,CB
Gabe Jacas,LB,Illinois,74.1,74.5,74.6,gabe jacas,LB
Thaddeus Dixon,DB,North Carolina,69.9,72.3,64.7,thaddeus dixon,CB
Justin Joly,TE,North Carolina State,74.4,69.7,77.6,justin joly,TE
Marcus Allen,DB,North Carolina,64.4,59.6,62.7,marcus allen,CB
Diego Pavia,QB,Vanderbilt,77.3,85.6,74.1,diego pavia,QB
Keyshaun Elliott,LB,Arizona State,68.1,78.5,58.9,keyshaun elliott,LB
Isaiah World,OL,Oregon,67.8,70.3,56.5,isaiah world,IOL
Elijah Sarratt,WR,Indiana,79.2,72.9,83.2,elijah sarratt,WR
Demond Claiborne,RB,Wake Forest,68.4,80.7,55.8,demond claiborne,RB
CJ Donaldson,RB,Ohio State,63.9,69.1,55.6,cj donaldson,RB
Kyle Louis,LB,Pittsburgh,75.5,86.4,69.5,kyle louis,LB
Avery Smith,DB,Toledo,71.1,62.4,73.7,avery smith,CB
Emmanuel McNeil-Warren,DB,Toledo,81.4,75.1,80.6,emmanuel mcneil-warren,CB
Tanner Koziol,TE,Houston,69,71.6,68.1,tanner koziol,TE
Joshua Josephs,LB,Tennessee,69,68.1,67.5,joshua josephs,LB
Max Klare,TE,Ohio State,76.1,68.3,71.6,max klare,TE
Drew Allar,QB,Penn State,72.5,75.4,69,drew allar,QB
Kaytron Allen,RB,Penn State,69.5,69.7,68.6,kaytron allen,RB
Dani Dennis-Sutton,DL,Penn State,77.5,85.4,75.2,dani dennis-sutton,DL
Zane Durant,DL,Penn State,69.5,88.7,58.7,zane durant,DL
Olaivavega Ioane,OL,Penn State,79.7,73.7,75.5,olaivavega ioane,IOL
Drew Shelton,OL,Penn State,70.5,78.5,62.3,drew shelton,IOL
Nicholas Singleton,RB,Penn State,71.9,76.3,63.6,nicholas singleton,RB
Hezekiah Masses,DB,California,62.4,53.3,66.7,hezekiah masses,CB
Germie Bernard,WR,Alabama,74.4,74.2,68.9,germie bernard,WR
Zion Young,DL,Missouri,74.1,68.1,79.6,zion young,DL
Vincent Anthony Jr.,DL,Duke,64.3,65.3,64.6,vincent anthony,DL
Chandler Rivers,DB,Duke,75.7,77.4,69.8,chandler rivers,CB
Brian Parker II,OL,Duke,74.9,72.7,71.5,brian parker,IOL
Wesley Williams,DL,Duke,62.6,65.9,72.2,wesley williams,DL
Dae'Quan Wright,TE,Mississippi,76,71.1,77,dae'quan wright,TE
Mansoor Delane,DB,LSU,77.4,64.6,81.5,mansoor delane,CB
Omar Cooper Jr.,WR,Indiana,80,76,80.7,omar cooper,WR
Louis Moore,DB,Indiana,71.1,66,73.6,louis moore,CB
Namdi Obiazor,LB,TCU,62.6,72.5,53.1,namdi obiazor,LB
Damonic Williams,DL,Oklahoma,63.4,69.2,60.7,damonic williams,DL
Jordan Hudson,WR,SMU,61.4,66.2,65.3,jordan hudson,WR
Jordyn Tyson,WR,Arizona State,86.2,79.9,79.7,jordyn tyson,WR
Alex Harkey,OL,Oregon,72.3,70.6,64.5,alex harkey,IOL
Eli Heidenreich,RB,Navy,69.3,74.7,69.7,eli heidenreich,RB
Jude Bowry,OL,Boston College,72.4,88.7,56.4,jude bowry,IOL
Derrick Moore,LB,Michigan,72.7,67.9,77.8,derrick moore,LB
Marlin Klein,TE,Michigan,65.5,71.1,58.2,marlin klein,TE
Jimmy Rolder,LB,Michigan,67.1,75.1,59.2,jimmy rolder,LB
Jaishawn Barham,LB,Michigan,63.1,62.5,58.9,jaishawn barham,LB
Red Murdock,LB,Buffalo,66.7,66.9,66.3,red murdock,LB
Xavier Nwankpa,DB,Iowa,67.9,78.3,62.3,xavier nwankpa,CB
TJ Hall,DB,Iowa,64.7,58.5,62.3,tj hall,CB
Kaden Wetjen,WR,Iowa,60.4,66.6,56.8,kaden wetjen,WR
Domonique Orange,DL,Iowa State,64.8,69.6,58.8,domonique orange,DL
Brandon Cleveland,DL,North Carolina State,63.2,68,60.5,brandon cleveland,DL
Kamari Ramsey,DB,USC,78.8,77.5,76.2,kamari ramsey,CB
Jalen Huskey,DB,Maryland,71.5,68.5,73.8,jalen huskey,CB
Daylen Everette,DB,Georgia,75.1,84.2,64.6,daylen everette,CB
Oscar Delp,TE,Georgia,68.8,69.2,68,oscar delp,TE
Bryce Boettcher,LB,Oregon,74.7,70.5,74.2,bryce boettcher,LB
Dillon Bell,WR,Georgia,69.9,79.9,54.8,dillon bell,WR
Marvin Jones Jr.,DL,Oklahoma,56.4,62.8,52.7,marvin jones,DL
Christen Miller,DL,Georgia,71,68,71.7,christen miller,DL
Jaren Kanak,TE,Oklahoma,69.6,86.2,57.5,jaren kanak,TE
Robert Spears-Jennings,DB,Oklahoma,69.8,79,60.1,robert spears-jennings,CB
R Mason Thomas,DL,Oklahoma,68.3,62.1,69.1,r mason thomas,DL
Owen Heinecke,LB,Oklahoma,67.6,74.2,58.4,owen heinecke,LB
Gracen Halton,DL,Oklahoma,69,75.7,71.4,gracen halton,DL
Jonah Coleman,RB,Washington,77.1,68.6,80,jonah coleman,RB
Tacario Davis,DB,Washington,72.7,77.5,66.8,tacario davis,CB
Ephesians Prysock,DB,Washington,72.5,79,64.5,ephesians prysock,CB
Chris Johnson,DB,San Diego State,79.3,84.5,70,chris johnson,CB
Anthony Lucas,LB,USC,67.6,66.6,60,anthony lucas,LB
Le'Veon Moss,RB,Texas A&M,59.9,73.1,54.5,le'veon moss,RB
LT Overton,DL,Alabama,69.1,66,67.3,lt overton,DL
Davison Igbinosun,DB,Ohio State,73.8,64.6,74.7,davison igbinosun,CB
Zxavian Harris,DL,Mississippi,65.2,64.5,59.9,zxavian harris,DL
Nadame Tucker,LB,Western Michigan,68.5,64.6,78,nadame tucker,LB
Nyjalik Kelly,LB,UCF,58.4,65.2,57.3,nyjalik kelly,LB
Wesley Bissainthe,LB,Miami (FL),67.5,69.3,66.1,wesley bissainthe,LB
Anez Cooper,OL,Miami (FL),72.4,71.7,64.2,anez cooper,IOL
Colbie Young,WR,Georgia,73.1,79.8,63.8,colbie young,WR
Logan Fano,DL,Utah,58.8,66.5,61.1,logan fano,DL
Keylan Rutledge,OL,Georgia Tech,78.2,90,69.7,keylan rutledge,IOL
Aiden Fisher,LB,Indiana,76.9,68.9,78.2,aiden fisher,LB
Jackie Marshall,DL,Baylor,60,75,55.6,jackie marshall,DL
Caden Curry,DL,Ohio State,68.9,68,72.1,caden curry,DL
Eli Raridon,TE,Notre Dame,71,77.2,68.3,eli raridon,TE
Aamil Wagner,OL,Notre Dame,76,74.4,70.5,aamil wagner,IOL
Billy Schrauth,OL,Notre Dame,77.1,72.1,75.6,billy schrauth,IOL
Sonny Styles,LB,Ohio State,94.3,91.8,90.6,sonny styles,LB
Jaylon Guilbeau,DB,Texas,60.2,65,54.1,jaylon guilbeau,CB
DJ Campbell,OL,Texas,71.3,81.1,63.3,dj campbell,IOL
Brenen Thompson,WR,Mississippi State,76.6,81.4,70.9,brenen thompson,WR
VJ Payne,DB,Kansas State,69.9,79.9,60.8,vj payne,CB
Sam Roush,TE,Stanford,74.6,88.6,60,sam roush,TE
David Bailey,LB,Texas Tech,86.5,79.7,98.1,david bailey,LB
Collin Wright,DB,Stanford,67.7,66.1,63.4,collin wright,CB
Keyron Crawford,LB,Auburn,67.1,65.3,73.1,keyron crawford,LB
Keionte Scott,DB,Miami (FL),71.3,74.2,62.1,keionte scott,CB
Jam Miller,RB,Alabama,58.7,78.6,51.8,jam miller,RB
Kendrick Law,WR,Kentucky,70.5,82.3,57.3,kendrick law,WR
Ty Simpson,QB,Alabama,74.8,72,69,ty simpson,QB
Aaron Anderson,WR,LSU,72.2,62.9,68.7,aaron anderson,WR
Emmanuel Henderson Jr.,WR,Kansas,62.6,69.3,65,emmanuel henderson,WR
Miles Kitselman,TE,Tennessee,63.9,57.4,66.3,miles kitselman,TE
RJ Maryland,TE,SMU,70.7,79.8,68.3,rj maryland,TE
Ahmaad Moses,DB,SMU,77.4,68.7,81.2,ahmaad moses,CB
Chris Bell,WR,Louisville,78.4,79.9,74.2,chris bell,WR
Vinny Anthony II,WR,Wisconsin,55,62.7,53,vinny anthony,WR
Caleb Douglas,WR,Texas Tech,72.8,75,66.6,caleb douglas,WR
Chris McClellan,DL,Missouri,70.5,67.7,71.8,chris mcclellan,DL
Jalen Farmer,OL,Kentucky,75.2,82.8,73.8,jalen farmer,IOL
Jack Pyburn,LB,LSU,58.6,68,64.5,jack pyburn,LB
Devin Moore,DB,Florida,76.7,69,79.7,devin moore,CB
Tyreak Sapp,DL,Florida,67.4,69.5,65.7,tyreak sapp,DL
Lander Barton,LB,Utah,66,72.7,57.4,lander barton,LB
J.C. Davis,OL,Illinois,71.8,77.8,67.1,jc davis,IOL
A.J. Haulcy,DB,LSU,85,76.3,80.8,aj haulcy,CB
Chris Brazzell II,WR,Tennessee,78,82.6,72.5,chris brazzell,WR
Kage Casey,OL,Boise State,67.7,66.1,68.9,kage casey,IOL
Denzel Boston,WR,Washington,77.4,71.2,75.2,denzel boston,WR
Parker Brailsford,OL,Alabama,66.1,67.5,62.5,parker brailsford,IOL
Zavion Thomas,WR,LSU,69.5,82.6,52.8,zavion thomas,WR
Jack Endries,TE,Texas,75,78.5,68.4,jack endries,TE
Fernando Mendoza,QB,Indiana,86.7,76.3,91.2,fernando mendoza,QB
Harold Perkins Jr.,LB,LSU,66.7,73.9,59.3,harold perkins,LB
Wade Woodaz,LB,Clemson,70.5,69.9,72.4,wade woodaz,LB
Antonio Williams,WR,Clemson,75.4,74.2,68.1,antonio williams,WR
Toriano Pride Jr.,DB,Missouri,66.2,74.5,61.7,toriano pride,CB
Blake Miller,OL,Clemson,82.2,93.2,72.5,blake miller,IOL
Adam Randall,RB,Clemson,71.9,70.5,60.2,adam randall,RB
Cade Klubnik,QB,Clemson,76.3,77.8,73.3,cade klubnik,QB
Reggie Virgil,WR,Texas Tech,64.4,63.3,57.1,reggie virgil,WR
Barion Brown,WR,LSU,73.2,73.8,67.7,barion brown,WR
Jeremiah Williams,DB,Rice,60.8,71,52,jeremiah williams,CB
Domani Jackson,DB,Alabama,71.8,79,65.1,domani jackson,CB
Desmond Reid,RB,Pittsburgh,72,73.9,76.6,desmond reid,RB
Jadarian Price,RB,Notre Dame,75.8,74.1,73.2,jadarian price,RB
Jeff Caldwell,WR,Cincinnati,77.7,99,67.8,jeff caldwell,WR
Kevin Coleman Jr.,WR,Missouri,66.7,66.5,64.2,kevin coleman,WR
Jeremiyah Love,RB,Notre Dame,94.3,83.4,95.9,jeremiyah love,RB
Zachariah Branch,WR,Georgia,79.5,85,71.8,zachariah branch,WR
Makai Lemon,WR,USC,84.7,69.8,90.7,makai lemon,WR
Ja'Kobi Lane,WR,USC,74.5,79.1,68.4,ja'kobi lane,WR
KC Concepcion,WR,Texas A&M,77.2,71.4,74.5,kc concepcion,WR
Brandon Cisse,DB,South Carolina,75.5,69.7,74.2,brandon cisse,CB
Bishop Fitzgerald,DB,USC,77.1,72.4,77.4,bishop fitzgerald,CB
Spencer Fano,OL,Utah,90.9,90,85.2,spencer fano,IOL
Dallen Bentley,TE,Utah,74.6,80.6,68.5,dallen bentley,TE
Caleb Lomu,OL,Utah,81.3,88.5,76,caleb lomu,IOL
Keith Abney II,DB,Arizona State,72.5,61.3,74,keith abney,CB
Max Iheanachor,OL,Arizona State,77.2,89.7,61.9,max iheanachor,IOL
Rueben Bain Jr.,DL,Miami (FL),84.5,68.4,92.5,rueben bain,DL
Francis Mauigoa,OL,Miami (FL),76.6,73.2,71.2,francis mauigoa,IOL
Dillon Thieneman,DB,Oregon,80.5,86.4,76.9,dillon thieneman,CB
Skyler Gill-Howard,DL,Texas Tech,66.6,75.8,67.6,skyler gill-howard,DL
Rahsul Faison,RB,South Carolina,64.9,72.7,56.8,rahsul faison,RB
Anthony Hill Jr.,LB,Texas,80.7,84,71.7,anthony hill,LB
Malik Muhammad,DB,Texas,73.2,75.8,69.8,malik muhammad,CB
Keldric Faulk,DL,Auburn,78.3,75.8,72.5,keldric faulk,DL
Colton Hood,DB,Tennessee,81.6,82.1,75.9,colton hood,CB
Connor Lew,OL,Auburn,74.7,73,70.1,connor lew,IOL
Bobby Jamison-Travis,DL,Auburn,64.9,68,60.1,bobby jamison-travis,DL
Kenyon Sadiq,TE,Oregon,93.1,94.6,80.1,kenyon sadiq,TE
Kayden McDonald,DL,Ohio State,73.1,67.3,72.6,kayden mcdonald,DL
Arvell Reese,LB,Ohio State,84.2,78.1,83.8,arvell reese,LB
Carnell Tate,WR,Ohio State,77.4,65.3,77.7,carnell tate,WR
Joey Aguilar,QB,Tennessee,71.9,74.2,72.4,joey aguilar,QB
CJ Allen,LB,Georgia,73.6,70.8,69.2,cj allen,LB
Monroe Freeling,OL,Georgia,80.7,89.9,72,monroe freeling,IOL
Josiah Trotter,LB,Missouri,69.1,67.8,63.3,josiah trotter,LB
Robert Henry Jr.,RB,UTSA,58.5,69.3,62.6,robert henry,RB
Will Lee III,DB,Texas A&M,70.8,69.6,67.1,will lee,CB
D'Angelo Ponds,DB,Indiana,77.8,70.3,83,d'angelo ponds,CB
Jalon Kilgore,DB,South Carolina,74.7,79.9,68.5,jalon kilgore,CB
Malik Benson,WR,Oregon,70.7,75.2,65.5,malik benson,WR
Caleb Downs,DB,Ohio State,83.7,76.3,81.4,caleb downs,CB
Justin Jefferson,LB,Alabama,71.8,82.1,65.5,justin jefferson,LB
Kadyn Proctor,OL,Alabama,80.3,83.7,73,kadyn proctor,IOL
Chase Bisontis,OL,Texas A&M,77.2,81.1,70.2,chase bisontis,IOL
Taurean York,LB,Texas A&M,68.8,63.4,71,taurean york,LB
Genesis Smith,DB,Arizona,72.2,79.8,66.8,genesis smith,CB
Jermod McCoy,DB,Tennessee,75.4,62.9,78.3,jermod mccoy,CB
T.J. Parker,LB,Clemson,78,76,74.4,tj parker,LB
Avieon Terrell,DB,Clemson,75.1,60.8,79.2,avieon terrell,CB
Peter Woods,DL,Clemson,79.3,76.3,80.5,peter woods,DL
Alan Herron,OL,Maryland,67.3,63.8,57.8,alan herron,IOL
Markel Bell,OL,Miami (FL),70.4,72.2,67.2,markel bell,IOL
Ted Hurst,WR,Georgia State,75.8,85.6,69.8,ted hurst,WR
