pfr_player_id,pfr_player_name,team,season,pos_group,tier,is_hit,player_return,avg_snap_pct,sharpe_elite,is_filled,is_need,need_bonus,filled_penalty,sharpe_adjusted
ClowJa00,Jadeveon Clowney,HOU,2014,EDGE,Top 10,FALSE,0.22162803052255386,0.5622058823529412,0.265142802793857,FALSE,TRUE,0,0,0.265142802793857
RobiGr01,Greg Robinson,LA,2014,OT,Top 10,FALSE,0.19474657534246573,0.7025,0.183805236207038,FALSE,TRUE,0,0,0.183805236207038
BortBl00,Blake Bortles,JAX,2014,QB,Top 10,TRUE,0.7502691507471154,0.9464705882352941,0.37407124048736107,FALSE,TRUE,0,0,0.37407124048736107
WatkSa00,Sammy Watkins,BUF,2014,WR,Top 10,TRUE,0.2640992647058823,0.663235294117647,0.03548229674290931,TRUE,FALSE,0,-0.017741148371454653,0.017741148371454653
MackKh00,Khalil Mack,LV,2014,EDGE,Top 10,TRUE,0.44721230561189995,0.854264705882353,0.265142802793857,FALSE,TRUE,0,0,0.265142802793857
MattJa00,Jake Matthews,ATL,2014,OT,Top 10,TRUE,0.35041095890410956,0.9700000000000001,0.183805236207038,TRUE,FALSE,0,-0.091902618103519,0.091902618103519
EvanMi00,Mike Evans,TAM,2014,WR,Top 10,TRUE,0.33389062500000005,0.7557352941176472,0.03548229674290931,TRUE,FALSE,0,-0.017741148371454653,0.017741148371454653
GilbJu00,Justin Gilbert,CLE,2014,CB,Top 10,FALSE,0.028743624617477048,0.08573529411764706,-0.6077512429479659,FALSE,TRUE,0.30387562147398295,0,-0.30387562147398295
BarrAn00,Anthony Barr,MIN,2014,LB,Top 10,TRUE,0.1842041822509351,0.8439705882352943,-0.7813094655693499,TRUE,FALSE,0,0,-0.7813094655693499
EbroEr00,Eric Ebron,DET,2014,TE,Top 10,TRUE,0.1371597268120731,0.5348529411764704,-0.8216691790024073,FALSE,TRUE,0.41083458950120366,0,-0.41083458950120366
LewaTa00,Taylor Lewan,TEN,2014,OT,Late 1st,TRUE,0.3370616438356163,0.7577941176470587,0.5624288068243084,FALSE,TRUE,0,0,0.5624288068243084
BeckOd00,Odell Beckham Jr.,NYG,2014,WR,Late 1st,TRUE,0.3423382352941176,0.6517647058823529,0.12050516789925936,FALSE,TRUE,0,0,0.12050516789925936
DonaAa00,Aaron Donald,LA,2014,DL,Late 1st,TRUE,0.42126634594358175,0.7067647058823527,0.2309999195681216,FALSE,TRUE,0,0,0.2309999195681216
FullKy00,Kyle Fuller,CHI,2014,CB,Late 1st,FALSE,0.3212577354641278,0.6548529411764705,0.08046471267687343,FALSE,TRUE,0,0,0.08046471267687343
ShazRy00,Ryan Shazier,PIT,2014,LB,Late 1st,FALSE,0.12014450867052022,0.6113235294117647,-0.8036273004092015,TRUE,FALSE,0,0,-0.8036273004092015
MartZa00,Zack Martin,DAL,2014,IOL,Late 1st,TRUE,0.2559745649263721,0.9720588235294116,-0.7109611026659682,TRUE,FALSE,0,0,-0.7109611026659682
MoslC.00,C.J. Mosley,BAL,2014,LB,Late 1st,TRUE,0.2767817069024141,0.9232352941176469,-0.8036273004092015,FALSE,TRUE,0.40181365020460075,0,-0.40181365020460075
PryoCa00,Calvin Pryor,NYJ,2014,CB,Late 1st,FALSE,0.23790037402244135,0.5019117647058824,0.08046471267687343,FALSE,TRUE,0,0,0.08046471267687343
JameJa01,Ja'Wuan James,MIA,2014,OT,Late 1st,FALSE,0.26821394037066876,0.6704411764705882,0.5624288068243084,TRUE,FALSE,0,-0.2812144034121542,0.2812144034121542
CookBr00,Brandin Cooks,NOR,2014,WR,Late 1st,TRUE,0.37988511029411764,0.7336764705882354,0.12050516789925936,TRUE,FALSE,0,-0.06025258394962968,0.06025258394962968
ClinHa00,Ha Ha Clinton-Dix,GNB,2014,CB,Late 1st,TRUE,0.47858891533492015,1.0097058823529412,0.08046471267687343,FALSE,TRUE,0,0,0.08046471267687343
ManzJo00,Johnny Manziel,CLE,2014,QB,Late 1st,FALSE,0.104870436920749,0.12544117647058822,-0.01464865016940941,TRUE,FALSE,0,0,-0.01464865016940941
FordDe00,Dee Ford,KAN,2014,EDGE,Late 1st,FALSE,0.2602752825268038,0.3927941176470588,0.5944072297042816,TRUE,FALSE,0,-0.2972036148521408,0.2972036148521408
DennDa00,Darqueze Dennard,CIN,2014,CB,Late 1st,FALSE,0.12933662019721184,0.31970588235294123,0.08046471267687343,FALSE,TRUE,0,0,0.08046471267687343
VerrJa00,Jason Verrett,LAC,2014,CB,Late 1st,FALSE,0.11392332539952398,0.2972058823529412,0.08046471267687343,FALSE,TRUE,0,0,0.08046471267687343
SmitMa03,Marcus Smith,PHI,2014,LB,Late 1st,FALSE,0.04983083985039103,0.1413235294117647,-0.8036273004092015,TRUE,FALSE,0,0,-0.8036273004092015
BucaDe00,Deone Bucannon,ARI,2014,CB,Late 1st,TRUE,0.3537487249234954,0.7463235294117647,0.08046471267687343,FALSE,TRUE,0,0,0.08046471267687343
BenjKe00,Kelvin Benjamin,CAR,2014,WR,Late 1st,FALSE,0.1883106617647059,0.5361764705882354,0.12050516789925936,FALSE,TRUE,0,0,0.12050516789925936
EaslDo00,Dominique Easley,NWE,2014,DL,Late 1st,FALSE,0.11117712661272688,0.2208823529411765,0.2309999195681216,TRUE,FALSE,0,-0.1154999597840608,0.1154999597840608
WardJi01,Jimmie Ward,SFO,2014,S,Late 1st,FALSE,0.17449612786290986,0.4260294117647059,-1.1099795447264005,FALSE,TRUE,0.5549897723632002,0,-0.5549897723632002
RobyBr00,Bradley Roby,DEN,2014,CB,Late 1st,FALSE,0.27507752465147894,0.6511764705882349,0.08046471267687343,FALSE,TRUE,0,0,0.08046471267687343
BridTe00,Teddy Bridgewater,MIN,2014,QB,Late 1st,FALSE,0.4749133724229241,0.4313235294117647,-0.01464865016940941,FALSE,TRUE,0.007324325084704705,0,-0.007324325084704705
WinsJa00,Jameis Winston,TAM,2015,QB,Top 10,TRUE,0.5420257234726688,0.7805882352941177,0.37407124048736107,TRUE,FALSE,0,-0.18703562024368053,0.18703562024368053
MariMa01,Marcus Mariota,TEN,2015,QB,Top 10,TRUE,0.5783597503310006,0.7989705882352942,0.37407124048736107,TRUE,FALSE,0,-0.18703562024368053,0.18703562024368053
FowlDa00,Dante Fowler,JAX,2015,EDGE,Top 10,FALSE,0.2156696609678354,0.4252941176470588,0.265142802793857,FALSE,TRUE,0,0,0.265142802793857
CoopAm00,Amari Cooper,LV,2015,WR,Top 10,TRUE,0.293813419117647,0.7910294117647059,0.03548229674290931,FALSE,TRUE,0,0,0.03548229674290931
ScheBr00,Brandon Scherff,WAS,2015,IOL,Top 10,TRUE,0.15839995275218519,0.7923529411764706,-0.6889170083359715,TRUE,FALSE,0,0,-0.6889170083359715
WillLe02,Leonard Williams,NYJ,2015,EDGE,Top 10,TRUE,0.4506490872210954,0.7539705882352943,0.265142802793857,TRUE,FALSE,0,-0.1325714013969285,0.1325714013969285
WhitKe00,Kevin White,CHI,2015,WR,Top 10,FALSE,0.03741176470588235,0.09411764705882354,0.03548229674290931,TRUE,FALSE,0,-0.017741148371454653,0.017741148371454653
BeasVi00,Vic Beasley,ATL,2015,LB,Top 10,FALSE,0.16624549472968375,0.5682352941176468,-0.7813094655693499,FALSE,TRUE,0.39065473278467494,0,-0.39065473278467494
FlowEr00,Ereck Flowers,NYG,2015,IOL,Top 10,TRUE,0.2704016064257028,0.8070588235294118,-0.6889170083359715,TRUE,FALSE,0,0,-0.6889170083359715
GurlTo01,Todd Gurley,LA,2015,RB,Top 10,TRUE,0.3134405506883604,0.6827941176470587,-0.6154948556750087,FALSE,TRUE,0.30774742783750436,0,-0.30774742783750436
WaynTr00,Trae Waynes,MIN,2015,CB,Late 1st,FALSE,0.26865300918055085,0.5795588235294118,0.08046471267687343,FALSE,TRUE,0,0,0.08046471267687343
ShelDa01,Danny Shelton,CLE,2015,DL,Late 1st,FALSE,0.2046162256724251,0.4514705882352942,0.2309999195681216,TRUE,FALSE,0,-0.1154999597840608,0.1154999597840608
PeatAn00,Andrus Peat,NOR,2015,IOL,Late 1st,FALSE,0.17568721946609966,0.708970588235294,-0.7109611026659682,TRUE,FALSE,0,0,-0.7109611026659682
ParkDe01,DeVante Parker,MIA,2015,WR,Late 1st,FALSE,0.2645514705882353,0.5614705882352942,0.12050516789925936,TRUE,FALSE,0,-0.06025258394962968,0.06025258394962968
GordMe00,Melvin Gordon,LAC,2015,RB,Late 1st,TRUE,0.24491447642886938,0.5285294117647058,-0.6590141737847004,FALSE,TRUE,0.3295070868923502,0,-0.3295070868923502
JohnKe04,Kevin Johnson,HOU,2015,CB,Late 1st,FALSE,0.1636375382522951,0.3936764705882353,0.08046471267687343,FALSE,TRUE,0,0,0.08046471267687343
ArmsAr01,Arik Armstead,SFO,2015,DL,Late 1st,FALSE,0.27378701071506667,0.33676470588235297,0.2309999195681216,FALSE,TRUE,0,0,0.2309999195681216
PeteMa00,Marcus Peters,KAN,2015,CB,Late 1st,TRUE,0.43209673580414826,0.9530882352941177,0.08046471267687343,TRUE,FALSE,0,-0.04023235633843671,0.04023235633843671
ErviCa00,Cameron Erving,CLE,2015,OT,Late 1st,FALSE,0.26499838839645445,0.5329411764705883,0.5624288068243084,FALSE,TRUE,0,0,0.5624288068243084
AghoNe00,Nelson Agholor,PHI,2015,WR,Late 1st,TRUE,0.3592499999999999,0.7599999999999997,0.12050516789925936,FALSE,TRUE,0,0,0.12050516789925936
OgbuCe00,Cedric Ogbuehi,CIN,2015,OT,Late 1st,FALSE,0.13682191780821917,0.34500000000000003,0.5624288068243084,FALSE,TRUE,0,0,0.5624288068243084
DuprAl00,Bud Dupree,PIT,2015,EDGE,Late 1st,TRUE,0.36788080749541197,0.6508823529411764,0.5944072297042816,FALSE,TRUE,0,0,0.5944072297042816
RayxSh00,Shane Ray,DEN,2015,EDGE,Late 1st,FALSE,0.1839194436395247,0.36117647058823515,0.5944072297042816,FALSE,TRUE,0,0,0.5944072297042816
HumpD.00,D.J. Humphries,ARI,2015,OT,Late 1st,FALSE,0.20373327961321513,0.3614705882352941,0.5624288068243084,TRUE,FALSE,0,-0.2812144034121542,0.2812144034121542
ThomSh01,Shaq Thompson,CAR,2015,LB,Late 1st,FALSE,0.2103441006460388,0.5202941176470589,-0.8036273004092015,TRUE,FALSE,0,0,-0.8036273004092015
PerrBr02,Breshad Perriman,BAL,2015,WR,Late 1st,FALSE,0.12688235294117647,0.23470588235294118,0.12050516789925936,TRUE,FALSE,0,-0.06025258394962968,0.06025258394962968
JoneBy00,Byron Jones,DAL,2015,CB,Late 1st,TRUE,0.4296754505270317,0.8951470588235296,0.08046471267687343,TRUE,FALSE,0,-0.04023235633843671,0.04023235633843671
TomlLa01,Laken Tomlinson,DET,2015,IOL,Late 1st,TRUE,0.1898377037562013,0.8239705882352942,-0.7109611026659682,FALSE,TRUE,0.3554805513329841,0,-0.3554805513329841
DorsPh00,Phillip Dorsett,IND,2015,WR,Late 1st,FALSE,0.179905330882353,0.4083823529411766,0.12050516789925936,FALSE,TRUE,0,0,0.12050516789925936
RandDa00,Damarious Randall,GNB,2015,S,Late 1st,TRUE,0.16518240237271378,0.7194117647058823,-1.1099795447264005,FALSE,TRUE,0.5549897723632002,0,-0.5549897723632002
AnthSt00,Stephone Anthony,NOR,2015,LB,Late 1st,FALSE,0.08234070044202656,0.2823529411764707,-0.8036273004092015,TRUE,FALSE,0,0,-0.8036273004092015
BrowMa01,Malcom Brown,NWE,2015,DL,Late 1st,TRUE,0.283531598513011,0.5499999999999998,0.2309999195681216,TRUE,FALSE,0,-0.1154999597840608,0.1154999597840608
GoffJa00,Jared Goff,LA,2016,QB,Top 10,TRUE,0.716335540003783,0.8288235294117647,0.37407124048736107,FALSE,TRUE,0,0,0.37407124048736107
WentCa00,Carson Wentz,PHI,2016,QB,Top 10,TRUE,0.7066247399281256,0.8101470588235294,0.37407124048736107,FALSE,TRUE,0,0,0.37407124048736107
BosaJo00,Joey Bosa,LAC,2016,EDGE,Top 10,TRUE,0.3344043272481406,0.616470588235294,0.265142802793857,FALSE,TRUE,0,0,0.265142802793857
ElliEz00,Ezekiel Elliott,DAL,2016,RB,Top 10,TRUE,0.21578083715755803,0.7179411764705882,-0.6154948556750087,TRUE,FALSE,0,0,-0.6154948556750087
RamsJa00,Jalen Ramsey,JAX,2016,CB,Top 10,TRUE,0.32907888473308394,0.8967647058823529,-0.6077512429479659,FALSE,TRUE,0.30387562147398295,0,-0.30387562147398295
StanRo00,Ronnie Stanley,BAL,2016,OT,Top 10,TRUE,0.3212788074133763,0.8326470588235294,0.183805236207038,FALSE,TRUE,0,0,0.183805236207038
BuckDe00,DeForest Buckner,SFO,2016,EDGE,Top 10,TRUE,0.47385395537525343,0.7927941176470586,0.265142802793857,TRUE,FALSE,0,-0.1325714013969285,0.1325714013969285
ConkJa00,Jack Conklin,TEN,2016,OT,Top 10,TRUE,0.3371567284448026,0.8719117647058825,0.183805236207038,TRUE,FALSE,0,-0.091902618103519,0.091902618103519
FloyLe00,Leonard Floyd,CHI,2016,EDGE,Top 10,TRUE,0.3637809330628804,0.6361764705882353,0.265142802793857,FALSE,TRUE,0,0,0.265142802793857
ApplEl00,Eli Apple,NYG,2016,CB,Top 10,TRUE,0.26765623937436245,0.7476470588235293,-0.6077512429479659,FALSE,TRUE,0.30387562147398295,0,-0.30387562147398295
HargVe00,Vernon Hargreaves III,TAM,2016,CB,Late 1st,FALSE,0.19386705202312138,0.5449999999999999,0.08046471267687343,FALSE,TRUE,0,0,0.08046471267687343
RankSh00,Sheldon Rankins,NOR,2016,DL,Late 1st,FALSE,0.23086157883227637,0.5002941176470589,0.2309999195681216,TRUE,FALSE,0,-0.1154999597840608,0.1154999597840608
TunsLa00,Laremy Tunsil,MIA,2016,OT,Late 1st,TRUE,0.40383118452860595,0.8689705882352943,0.5624288068243084,FALSE,TRUE,0,0,0.5624288068243084
JoseKa00,Karl Joseph,LV,2016,S,Late 1st,FALSE,0.12224369747899158,0.5735294117647057,-1.1099795447264005,FALSE,TRUE,0.5549897723632002,0,-0.5549897723632002
ColeCo00,Corey Coleman,CLE,2016,WR,Late 1st,FALSE,0.10493382352941179,0.26382352941176473,0.12050516789925936,FALSE,TRUE,0,0,0.12050516789925936
DeckTa00,Taylor Decker,DET,2016,OT,Late 1st,TRUE,0.35867767929089445,0.815294117647059,0.5624288068243084,TRUE,FALSE,0,-0.2812144034121542,0.2812144034121542
NealKe01,Keanu Neal,ATL,2016,S,Late 1st,FALSE,0.11600494315373207,0.5454411764705882,-1.1099795447264005,FALSE,TRUE,0.5549897723632002,0,-0.5549897723632002
KellRy00,Ryan Kelly,IND,2016,IOL,Late 1st,FALSE,0.1930937081659973,0.7145588235294117,-0.7109611026659682,TRUE,FALSE,0,0,-0.7109611026659682
LawsSh00,Shaq Lawson,BUF,2016,EDGE,Late 1st,FALSE,0.22919250458804202,0.36867647058823516,0.5944072297042816,TRUE,FALSE,0,-0.2972036148521408,0.2972036148521408
LeexDa00,Darron Lee,NYJ,2016,EDGE,Late 1st,FALSE,0.3340973630831643,0.5589705882352941,0.5944072297042816,FALSE,TRUE,0,0,0.5944072297042816
FullWi01,Will Fuller,HOU,2016,WR,Late 1st,FALSE,0.2695248161764705,0.537205882352941,0.12050516789925936,TRUE,FALSE,0,-0.06025258394962968,0.06025258394962968
DoctJo00,Josh Doctson,WAS,2016,WR,Late 1st,FALSE,0.1535670955882353,0.3798529411764706,0.12050516789925936,TRUE,FALSE,0,-0.06025258394962968,0.06025258394962968
TreaLa00,Laquon Treadwell,MIN,2016,WR,Late 1st,FALSE,0.12192463235294121,0.29441176470588243,0.12050516789925936,TRUE,FALSE,0,-0.06025258394962968,0.06025258394962968
JackWi02,William Jackson III,CIN,2016,CB,Late 1st,FALSE,0.2842193131587895,0.5510294117647059,0.08046471267687343,FALSE,TRUE,0,0,0.08046471267687343
BurnAr00,Artie Burns,PIT,2016,CB,Late 1st,FALSE,0.22180975858551516,0.5469117647058824,0.08046471267687343,FALSE,TRUE,0,0,0.08046471267687343
LyncPa00,Paxton Lynch,DEN,2016,QB,Late 1st,FALSE,0.056900510686589745,0.06279411764705882,-0.01464865016940941,TRUE,FALSE,0,0,-0.01464865016940941
ClarKe01,Kenny Clark,GNB,2016,DL,Late 1st,TRUE,0.3696969166848895,0.6314705882352941,0.2309999195681216,TRUE,FALSE,0,-0.1154999597840608,0.1154999597840608
GarnJo00,Joshua Garnett,SFO,2016,IOL,Late 1st,FALSE,0.0424153082919915,0.1785294117647059,-0.7109611026659682,TRUE,FALSE,0,0,-0.7109611026659682
NkemRo00,Robert Nkemdiche,ARI,2016,DL,Late 1st,FALSE,0.08029958451782197,0.16602941176470584,0.2309999195681216,FALSE,TRUE,0,0,0.2309999195681216
ButlVe00,Vernon Butler,CAR,2016,DL,Late 1st,FALSE,0.17239208397113492,0.2963235294117647,0.2309999195681216,TRUE,FALSE,0,-0.1154999597840608,0.1154999597840608
IfedGe00,Germain Ifedi,SEA,2016,OT,Late 1st,TRUE,0.37747784045124894,0.9444117647058823,0.5624288068243084,FALSE,TRUE,0,0,0.5624288068243084
OgbaEm00,Emmanuel Ogbah,CLE,2016,EDGE,Late 1st,FALSE,0.35609842557712734,0.5273529411764705,0.5944072297042816,TRUE,FALSE,0,-0.2972036148521408,0.2972036148521408
GarrMy00,Myles Garrett,CLE,2017,EDGE,Top 10,TRUE,0.31042480440452047,0.6239705882352942,0.265142802793857,TRUE,FALSE,0,-0.1325714013969285,0.1325714013969285
TrubMi00,Mitchell Trubisky,CHI,2017,QB,Top 10,TRUE,0.525868545488935,0.7395588235294116,0.37407124048736107,TRUE,FALSE,0,-0.18703562024368053,0.18703562024368053
ThomSo00,Solomon Thomas,SFO,2017,EDGE,Top 10,FALSE,0.14058147396889795,0.4057352941176472,0.265142802793857,FALSE,TRUE,0,0,0.265142802793857
FourLe00,Leonard Fournette,JAX,2017,RB,Top 10,TRUE,0.13009650952579616,0.5348529411764705,-0.6154948556750087,TRUE,FALSE,0,0,-0.6154948556750087
DaviCo03,Corey Davis,TEN,2017,WR,Top 10,TRUE,0.2527637867647059,0.7210294117647059,0.03548229674290931,TRUE,FALSE,0,-0.017741148371454653,0.017741148371454653
AdamJa00,Jamal Adams,NYJ,2017,S,Top 10,TRUE,0.19130400395452296,0.8505882352941176,-0.8053237074512822,FALSE,TRUE,0.4026618537256411,0,-0.4026618537256411
WillMi07,Mike Williams,LAC,2017,WR,Top 10,FALSE,0.26831066176470597,0.5626470588235296,0.03548229674290931,FALSE,TRUE,0,0,0.03548229674290931
McCaCh01,Christian McCaffrey,CAR,2017,RB,Top 10,TRUE,0.2887541371158392,0.6461764705882352,-0.6154948556750087,FALSE,TRUE,0.30774742783750436,0,-0.30774742783750436
RossJo00,John Ross,CIN,2017,WR,Top 10,FALSE,0.09461764705882353,0.24941176470588236,0.03548229674290931,FALSE,TRUE,0,0,0.03548229674290931
MahoPa00,Patrick Mahomes,KAN,2017,QB,Top 10,TRUE,0.8230743332702857,0.766029411764706,0.37407124048736107,TRUE,FALSE,0,-0.18703562024368053,0.18703562024368053
LattMa01,Marshon Lattimore,NOR,2017,CB,Late 1st,TRUE,0.39618531111866706,0.8508823529411764,0.08046471267687343,FALSE,TRUE,0,0,0.08046471267687343
WatsDe00,Deshaun Watson,HOU,2017,QB,Late 1st,TRUE,0.8878479288821635,0.8295588235294116,-0.01464865016940941,TRUE,FALSE,0,0,-0.01464865016940941
ReddHa00,Haason Reddick,ARI,2017,EDGE,Late 1st,TRUE,0.356534917415242,0.6101470588235295,0.5944072297042816,TRUE,FALSE,0,-0.2972036148521408,0.2972036148521408
BarnDe01,Derek Barnett,PHI,2017,EDGE,Late 1st,FALSE,0.2479901477832513,0.4525000000000002,0.5944072297042816,FALSE,TRUE,0,0,0.5944072297042816
HookMa00,Malik Hooker,IND,2017,S,Late 1st,FALSE,0.12587394957983195,0.4980882352941176,-1.1099795447264005,TRUE,FALSE,0,0,-1.1099795447264005
HumpMa00,Marlon Humphrey,BAL,2017,CB,Late 1st,TRUE,0.39292009520571247,0.7972058823529415,0.08046471267687343,FALSE,TRUE,0,0,0.08046471267687343
AlleJo01,Jonathan Allen,WAS,2017,EDGE,Late 1st,FALSE,0.3349763353617308,0.5604411764705881,0.5944072297042816,TRUE,FALSE,0,-0.2972036148521408,0.2972036148521408
JackAd00,Adoree' Jackson,TEN,2017,CB,Late 1st,FALSE,0.32400493029581773,0.6733823529411764,0.08046471267687343,FALSE,TRUE,0,0,0.08046471267687343
HowaO.00,O.J. Howard,TAM,2017,TE,Late 1st,FALSE,0.11275236836307556,0.4123529411764706,-1.219820850957934,FALSE,TRUE,0.609910425478967,0,-0.609910425478967
BollGa00,Garett Bolles,DEN,2017,OT,Late 1st,TRUE,0.41115068493150686,0.92,0.5624288068243084,TRUE,FALSE,0,-0.2812144034121542,0.2812144034121542
DaviJa01,Jarrad Davis,DET,2017,LB,Late 1st,FALSE,0.19096565793947637,0.6188235294117647,-0.8036273004092015,TRUE,FALSE,0,0,-0.8036273004092015
HarrCh03,Charles Harris,MIA,2017,EDGE,Late 1st,FALSE,0.19913966966096783,0.3413235294117647,0.5944072297042816,FALSE,TRUE,0,0,0.5944072297042816
EngrEv00,Evan Engram,NYG,2017,TE,Late 1st,TRUE,0.1962192112800176,0.5641176470588234,-1.219820850957934,FALSE,TRUE,0.609910425478967,0,-0.609910425478967
ConlGa00,Gareon Conley,LV,2017,CB,Late 1st,FALSE,0.1454760285617137,0.3813235294117648,0.08046471267687343,FALSE,TRUE,0,0,0.08046471267687343
PeppJa00,Jabrill Peppers,CLE,2017,S,Late 1st,FALSE,0.16664030318009554,0.6888235294117646,-1.1099795447264005,FALSE,TRUE,0.5549897723632002,0,-0.5549897723632002
McKiTa00,Takkarist McKinley,ATL,2017,EDGE,Late 1st,FALSE,0.2115134743552594,0.37764705882352956,0.5944072297042816,FALSE,TRUE,0,0,0.5944072297042816
WhitTr01,Tre'Davious White,BUF,2017,CB,Late 1st,TRUE,0.45059061543692613,0.9388235294117646,0.08046471267687343,FALSE,TRUE,0,0,0.08046471267687343
CharTa00,Taco Charlton,DAL,2017,EDGE,Late 1st,FALSE,0.15237689558582057,0.2932352941176471,0.5944072297042816,FALSE,TRUE,0,0,0.5944072297042816
NjokDa00,David Njoku,CLE,2017,TE,Late 1st,FALSE,0.17375280898876405,0.42308823529411765,-1.219820850957934,TRUE,FALSE,0,0,-1.219820850957934
WattT.00,T.J. Watt,PIT,2017,EDGE,Late 1st,TRUE,0.5622832995267072,0.809264705882353,0.5944072297042816,FALSE,TRUE,0,0,0.5944072297042816
FostRe00,Reuben Foster,SFO,2017,LB,Late 1st,FALSE,0.05401564093845631,0.1988235294117647,-0.8036273004092015,TRUE,FALSE,0,0,-0.8036273004092015
RamcRy00,Ryan Ramczyk,NOR,2017,OT,Late 1st,TRUE,0.4877389202256244,1.019705882352941,0.5624288068243084,FALSE,TRUE,0,0,0.5624288068243084
MayfBa00,Baker Mayfield,CLE,2018,QB,Top 10,TRUE,0.6950523789552169,0.8771014492753623,0.37407124048736107,TRUE,FALSE,0,-0.18703562024368053,0.18703562024368053
BarkSa00,Saquon Barkley,NYG,2018,RB,Top 10,TRUE,0.12166796861616472,0.4802898550724638,-0.6154948556750087,FALSE,TRUE,0.30774742783750436,0,-0.30774742783750436
DarnSa00,Sam Darnold,NYJ,2018,QB,Top 10,TRUE,0.5092893890675242,0.7100000000000001,0.37407124048736107,FALSE,TRUE,0,0,0.37407124048736107
WardDe02,Denzel Ward,CLE,2018,CB,Top 10,TRUE,0.2622777079668258,0.697391304347826,-0.6077512429479659,TRUE,FALSE,0,0,-0.6077512429479659
ChubBr00,Bradley Chubb,DEN,2018,EDGE,Top 10,FALSE,0.26416377525522955,0.4543478260869565,0.265142802793857,TRUE,FALSE,0,-0.1325714013969285,0.1325714013969285
NelsQu00,Quenton Nelson,IND,2018,IOL,Top 10,TRUE,0.1778221678986477,0.8988405797101449,-0.6889170083359715,TRUE,FALSE,0,0,-0.6889170083359715
AlleJo02,Josh Allen,BUF,2018,QB,Top 10,TRUE,0.9231671559718532,0.921159420289855,0.37407124048736107,TRUE,FALSE,0,-0.18703562024368053,0.18703562024368053
SmitRo07,Roquan Smith,CHI,2018,LB,Top 10,TRUE,0.25193457317583984,0.8053623188405798,-0.7813094655693499,TRUE,FALSE,0,0,-0.7813094655693499
McGlMi00,Mike McGlinchey,SFO,2018,OT,Top 10,TRUE,0.3163954734961286,0.783913043478261,0.183805236207038,TRUE,FALSE,0,-0.091902618103519,0.091902618103519
RoseJo01,Josh Rosen,ARI,2018,QB,Top 10,FALSE,0.18994804044922875,0.23768115942028983,0.37407124048736107,FALSE,TRUE,0,0,0.37407124048736107
FitzMi00,Minkah Fitzpatrick,MIA,2018,S,Late 1st,TRUE,0.2415988308366825,0.9139130434782609,-1.1099795447264005,FALSE,TRUE,0.5549897723632002,0,-0.5549897723632002
VeaxVi00,Vita Vea,TAM,2018,DL,Late 1st,FALSE,0.2857570712784871,0.47014492753623194,0.2309999195681216,FALSE,TRUE,0,0,0.2309999195681216
PaynDa00,Daron Payne,WAS,2018,DL,Late 1st,TRUE,0.39869080329723605,0.7304347826086955,0.2309999195681216,FALSE,TRUE,0,0,0.2309999195681216
DaveMa00,Marcus Davenport,NOR,2018,EDGE,Late 1st,FALSE,0.25627800385521526,0.41927536231884055,0.5944072297042816,TRUE,FALSE,0,-0.2972036148521408,0.2972036148521408
MillKo00,Kolton Miller,LV,2018,OT,Late 1st,TRUE,0.4137210641254715,0.9189855072463768,0.5624288068243084,FALSE,TRUE,0,0,0.5624288068243084
EdmuTr01,Tremaine Edmunds,BUF,2018,LB,Late 1st,TRUE,0.3076258691463517,0.9157971014492754,-0.8036273004092015,TRUE,FALSE,0,0,-0.8036273004092015
JameDe00,Derwin James,LAC,2018,S,Late 1st,FALSE,0.19888454512239678,0.5349275362318842,-1.1099795447264005,FALSE,TRUE,0.5549897723632002,0,-0.5549897723632002
AlexJa00,Jaire Alexander,GNB,2018,CB,Late 1st,TRUE,0.36357016000670184,0.6988405797101449,0.08046471267687343,FALSE,TRUE,0,0,0.08046471267687343
VandLe00,Leighton Vander Esch,DAL,2018,EDGE,Late 1st,FALSE,0.3384374479426953,0.566231884057971,0.5944072297042816,FALSE,TRUE,0,0,0.5944072297042816
RagnFr00,Frank Ragnow,DET,2018,IOL,Late 1st,FALSE,0.2006251479347341,0.6955072463768116,-0.7109611026659682,TRUE,FALSE,0,0,-0.7109611026659682
PricBi01,Billy Price,CIN,2018,IOL,Late 1st,FALSE,0.09977756436373512,0.5205797101449275,-0.7109611026659682,FALSE,TRUE,0.3554805513329841,0,-0.3554805513329841
EvanRa01,Rashaan Evans,TEN,2018,LB,Late 1st,FALSE,0.17364463433023375,0.6368115942028986,-0.8036273004092015,FALSE,TRUE,0.40181365020460075,0,-0.40181365020460075
WynnIs00,Isaiah Wynn,NWE,2018,OT,Late 1st,FALSE,0.17540798094103632,0.46086956521739136,0.5624288068243084,FALSE,TRUE,0,0,0.5624288068243084
MoorD.00,D.J. Moore,CAR,2018,WR,Late 1st,TRUE,0.40376902173913043,0.7511594202898552,0.12050516789925936,TRUE,FALSE,0,-0.06025258394962968,0.06025258394962968
HursHa00,Hayden Hurst,BAL,2018,TE,Late 1st,FALSE,0.1320835911632199,0.4175362318840581,-1.219820850957934,TRUE,FALSE,0,0,-1.219820850957934
RidlCa00,Calvin Ridley,ATL,2018,WR,Late 1st,FALSE,0.2960289855072463,0.5150724637681158,0.12050516789925936,TRUE,FALSE,0,-0.06025258394962968,0.06025258394962968
PennRa00,Rashaad Penny,SEA,2018,RB,Late 1st,FALSE,0.08874622263336415,0.1427536231884058,-0.6590141737847004,TRUE,FALSE,0,0,-0.6590141737847004
EdmuTe00,Terrell Edmunds,PIT,2018,S,Late 1st,TRUE,0.20322640360492028,0.8982608695652176,-1.1099795447264005,FALSE,TRUE,0.5549897723632002,0,-0.5549897723632002
BryaTa00,Taven Bryan,JAX,2018,DL,Late 1st,FALSE,0.17536980766122515,0.34478260869565225,0.2309999195681216,TRUE,FALSE,0,-0.1154999597840608,0.1154999597840608
HughMi00,Mike Hughes,MIN,2018,CB,Late 1st,FALSE,0.14793264639356618,0.33565217391304347,0.08046471267687343,FALSE,TRUE,0,0,0.08046471267687343
MichSo00,Sony Michel,NWE,2018,RB,Late 1st,FALSE,0.1625153664302601,0.35521739130434793,-0.6590141737847004,FALSE,TRUE,0.3295070868923502,0,-0.3295070868923502
JackLa00,Lamar Jackson,BAL,2018,QB,Late 1st,TRUE,0.8597114963418612,0.7350724637681161,-0.01464865016940941,TRUE,FALSE,0,0,-0.01464865016940941
MurrKy00,Kyler Murray,ARI,2019,QB,Top 10,TRUE,0.724867707854846,0.7914285714285714,0.37407124048736107,TRUE,FALSE,0,-0.18703562024368053,0.18703562024368053
BosaNi00,Nick Bosa,SFO,2019,EDGE,Top 10,TRUE,0.34389139103917427,0.6384285714285713,0.265142802793857,FALSE,TRUE,0,0,0.265142802793857
WillQu00,Quinnen Williams,NYJ,2019,DL,Top 10,FALSE,0.22544928305894849,0.4978571428571429,-0.2840537572894559,FALSE,TRUE,0.14202687864472796,0,-0.14202687864472796
FerrCl00,Clelin Ferrell,LV,2019,EDGE,Top 10,FALSE,0.14502298850574713,0.40400000000000014,0.265142802793857,FALSE,TRUE,0,0,0.265142802793857
WhitDe02,Devin White,TAM,2019,LB,Top 10,TRUE,0.13455656482246078,0.9322857142857144,-0.7813094655693499,TRUE,FALSE,0,0,-0.7813094655693499
JoneDa05,Daniel Jones,NYG,2019,QB,Top 10,TRUE,0.7287909967845658,0.7647142857142857,0.37407124048736107,FALSE,TRUE,0,0,0.37407124048736107
AlleJo03,Josh Hines-Allen,JAX,2019,EDGE,Top 10,FALSE,0.35013488153882244,0.5968571428571429,0.265142802793857,FALSE,TRUE,0,0,0.265142802793857
HockTJ00,T.J. Hockenson,DET,2019,TE,Top 10,TRUE,0.17809149277688602,0.6377142857142858,-0.8216691790024073,FALSE,TRUE,0.41083458950120366,0,-0.41083458950120366
OlivEd00,Ed Oliver,BUF,2019,DL,Top 10,TRUE,0.28095167286245343,0.5625714285714284,-0.2840537572894559,FALSE,TRUE,0.14202687864472796,0,-0.14202687864472796
BushDe01,Devin Bush Jr.,PIT,2019,LB,Top 10,FALSE,0.13413707679603634,0.5677142857142857,-0.7813094655693499,TRUE,FALSE,0,0,-0.7813094655693499
WillJo10,Jonah Williams,CIN,2019,OT,Late 1st,FALSE,0.2676767123287671,0.651,0.5624288068243084,FALSE,TRUE,0,0,0.5624288068243084
GaryRa00,Rashan Gary,GNB,2019,EDGE,Late 1st,FALSE,0.307,0.435,0.5944072297042816,FALSE,TRUE,0,0,0.5944072297042816
WilkCh00,Christian Wilkins,MIA,2019,DL,Late 1st,TRUE,0.37510355815188523,0.6652857142857143,0.2309999195681216,TRUE,FALSE,0,-0.1154999597840608,0.1154999597840608
LindCh00,Chris Lindstrom,ATL,2019,IOL,Late 1st,TRUE,0.2184859437751004,0.768,-0.7109611026659682,TRUE,FALSE,0,0,-0.7109611026659682
HaskDw00,Dwayne Haskins,WAS,2019,QB,Late 1st,FALSE,0.1706770785484612,0.1942857142857143,-0.01464865016940941,TRUE,FALSE,0,0,-0.01464865016940941
BurnBr00,Brian Burns,CAR,2019,EDGE,Late 1st,TRUE,0.42015153647665976,0.6468571428571431,0.5944072297042816,FALSE,TRUE,0,0,0.5944072297042816
LawrDe03,Dexter Lawrence,NYG,2019,DL,Late 1st,TRUE,0.3752225172596919,0.6494285714285715,0.2309999195681216,TRUE,FALSE,0,-0.1154999597840608,0.1154999597840608
BradGa00,Garrett Bradbury,MIN,2019,IOL,Late 1st,TRUE,0.17718014916810096,0.8468571428571429,-0.7109611026659682,TRUE,FALSE,0,0,-0.7109611026659682
SimmJe01,Jeffery Simmons,TEN,2019,DL,Late 1st,TRUE,0.39096494954859257,0.6631428571428569,0.2309999195681216,TRUE,FALSE,0,-0.1154999597840608,0.1154999597840608
FantNo00,Noah Fant,DEN,2019,TE,Late 1st,TRUE,0.19349545211342967,0.6567142857142858,-1.219820850957934,FALSE,TRUE,0.609910425478967,0,-0.609910425478967
SavaDa00,Darnell Savage Jr.,GNB,2019,S,Late 1st,TRUE,0.20424009603841536,0.8738571428571429,-1.1099795447264005,FALSE,TRUE,0.5549897723632002,0,-0.5549897723632002
DillAn00,Andre Dillard,PHI,2019,OT,Late 1st,FALSE,0.09852759295499021,0.15471428571428572,0.5624288068243084,TRUE,FALSE,0,-0.2812144034121542,0.2812144034121542
HowaTy00,Tytus Howard,HOU,2019,OT,Late 1st,TRUE,0.3477174168297456,0.7375714285714287,0.5624288068243084,FALSE,TRUE,0,0,0.5624288068243084
JacoJo01,Josh Jacobs,LV,2019,RB,Late 1st,TRUE,0.28506180344478216,0.5601428571428572,-0.6590141737847004,FALSE,TRUE,0.3295070868923502,0,-0.3295070868923502
BrowMa04,Marquise Brown,BAL,2019,WR,Late 1st,TRUE,0.289575,0.6668571428571428,0.12050516789925936,TRUE,FALSE,0,-0.06025258394962968,0.06025258394962968
SweaMo00,Montez Sweat,WAS,2019,EDGE,Late 1st,FALSE,0.39716889514426457,0.5772857142857143,0.5944072297042816,FALSE,TRUE,0,0,0.5944072297042816
AbraJo01,Johnathan Abram,LV,2019,S,Late 1st,FALSE,0.11570028011204485,0.5200000000000001,-1.1099795447264005,FALSE,TRUE,0.5549897723632002,0,-0.5549897723632002
TillJe00,Jerry Tillery,LAC,2019,DL,Late 1st,FALSE,0.24964684014869887,0.526,0.2309999195681216,FALSE,TRUE,0,0,0.2309999195681216
CollLJ00,L.J. Collier,SEA,2019,EDGE,Late 1st,FALSE,0.126743842364532,0.22885714285714284,0.5944072297042816,FALSE,TRUE,0,0,0.5944072297042816
BakeDe00,Deandre Baker,NYG,2019,CB,Late 1st,FALSE,0.10596118909991742,0.25685714285714284,0.08046471267687343,FALSE,TRUE,0,0,0.08046471267687343
McGaKa00,Kaleb McGary,ATL,2019,OT,Late 1st,TRUE,0.3742485322896282,0.8658571428571429,0.5624288068243084,TRUE,FALSE,0,-0.2812144034121542,0.2812144034121542
HarrNK00,N'Keal Harry,NWE,2019,WR,Late 1st,FALSE,0.12851428571428572,0.29942857142857143,0.12050516789925936,FALSE,TRUE,0,0,0.12050516789925936
BurrJo01,Joe Burrow,CIN,2020,QB,Top 10,TRUE,0.7642699605996105,0.8074647887323945,0.37407124048736107,FALSE,TRUE,0,0,0.37407124048736107
YounCh04,Chase Young,WAS,2020,EDGE,Top 10,FALSE,0.21200349221767387,0.48915492957746487,0.265142802793857,FALSE,TRUE,0,0,0.265142802793857
OkudJe00,Jeff Okudah,DET,2020,CB,Top 10,FALSE,0.1150621997883253,0.398169014084507,-0.6077512429479659,FALSE,TRUE,0.30387562147398295,0,-0.30387562147398295
ThomAn02,Andrew Thomas,NYG,2020,OT,Top 10,TRUE,0.2758454562994405,0.7698591549295776,0.183805236207038,TRUE,FALSE,0,-0.091902618103519,0.091902618103519
TagoTu00,Tua Tagovailoa,MIA,2020,QB,Top 10,TRUE,0.6877174041030749,0.6907042253521126,0.37407124048736107,TRUE,FALSE,0,-0.18703562024368053,0.18703562024368053
HerbJu00,Justin Herbert,LAC,2020,QB,Top 10,TRUE,0.8618411303835877,0.8716901408450706,0.37407124048736107,FALSE,TRUE,0,0,0.37407124048736107
BrowDe05,Derrick Brown,CAR,2020,DL,Top 10,TRUE,0.32678705691397447,0.6957746478873238,-0.2840537572894559,FALSE,TRUE,0.14202687864472796,0,-0.14202687864472796
SimmIs00,Isaiah Simmons,ARI,2020,LB,Top 10,FALSE,0.13674265244647074,0.5770422535211269,-0.7813094655693499,FALSE,TRUE,0.39065473278467494,0,-0.39065473278467494
HendCJ00,C.J. Henderson,JAX,2020,CB,Top 10,FALSE,0.1477834405275584,0.43183098591549296,-0.6077512429479659,FALSE,TRUE,0.30387562147398295,0,-0.30387562147398295
WillJe04,Jedrick Wills Jr.,CLE,2020,OT,Top 10,FALSE,0.22890989774262008,0.7264788732394367,0.183805236207038,FALSE,TRUE,0,0,0.183805236207038
BectMe00,Mekhi Becton,NYJ,2020,IOL,Late 1st,FALSE,0.14081362067990272,0.3838028169014085,-0.7109611026659682,TRUE,FALSE,0,0,-0.7109611026659682
RuggHe00,Henry Ruggs III,LV,2020,WR,Late 1st,FALSE,0.06923239436619717,0.19098591549295774,0.12050516789925936,FALSE,TRUE,0,0,0.12050516789925936
WirfTr00,Tristan Wirfs,TAM,2020,OT,Late 1st,TRUE,0.4424773297318154,0.9866197183098591,0.5624288068243084,FALSE,TRUE,0,0,0.5624288068243084
KinlJa00,Javon Kinlaw,SFO,2020,DL,Late 1st,FALSE,0.18836829153358814,0.32859154929577467,0.2309999195681216,FALSE,TRUE,0,0,0.2309999195681216
JeudJe00,Jerry Jeudy,DEN,2020,WR,Late 1st,FALSE,0.2787887323943662,0.5594366197183099,0.12050516789925936,TRUE,FALSE,0,-0.06025258394962968,0.06025258394962968
TerrAJ00,AJ Terrell,ATL,2020,CB,Late 1st,TRUE,0.3744327118782056,0.7985915492957746,0.08046471267687343,FALSE,TRUE,0,0,0.08046471267687343
LambCe00,CeeDee Lamb,DAL,2020,WR,Late 1st,TRUE,0.42822711267605634,0.7743661971830986,0.12050516789925936,TRUE,FALSE,0,-0.06025258394962968,0.06025258394962968
JackAu00,Austin Jackson,MIA,2020,OT,Late 1st,FALSE,0.28053579008296353,0.6438028169014085,0.5624288068243084,FALSE,TRUE,0,0,0.5624288068243084
ArneDa00,Damon Arnette,LV,2020,CB,Late 1st,FALSE,0.034798664821297724,0.08197183098591548,0.08046471267687343,FALSE,TRUE,0,0,0.08046471267687343
ChaiKL00,K'Lavon Chaisson,JAX,2020,EDGE,Late 1st,FALSE,0.17514565554245007,0.28422535211267597,0.5944072297042816,FALSE,TRUE,0,0,0.5944072297042816
ReagJa00,Jalen Reagor,PHI,2020,WR,Late 1st,FALSE,0.14782922535211274,0.36859154929577476,0.12050516789925936,FALSE,TRUE,0,0,0.12050516789925936
JeffJu00,Justin Jefferson,MIN,2020,WR,Late 1st,TRUE,0.42811619718309857,0.7512676056338028,0.12050516789925936,TRUE,FALSE,0,-0.06025258394962968,0.06025258394962968
MurrKe00,Kenneth Murray,LAC,2020,LB,Late 1st,FALSE,0.20130994056826507,0.6585915492957746,-0.8036273004092015,TRUE,FALSE,0,0,-0.8036273004092015
RuizCe00,Cesar Ruiz,NOR,2020,IOL,Late 1st,TRUE,0.20582259554650523,0.8367605633802816,-0.7109611026659682,TRUE,FALSE,0,0,-0.7109611026659682
AiyuBr00,Brandon Aiyuk,SFO,2020,WR,Late 1st,TRUE,0.45695598591549286,0.8633802816901407,0.12050516789925936,FALSE,TRUE,0,0,0.12050516789925936
LoveJo03,Jordan Love,GNB,2020,QB,Late 1st,FALSE,0.4649796204882025,0.29901408450704225,-0.01464865016940941,TRUE,FALSE,0,0,-0.01464865016940941
BrooJo01,Jordyn Brooks,SEA,2020,LB,Late 1st,FALSE,0.21117658552470897,0.6663380281690141,-0.8036273004092015,TRUE,FALSE,0,0,-0.8036273004092015
QueePa00,Patrick Queen,BAL,2020,LB,Late 1st,TRUE,0.2890370430676544,0.8839436619718306,-0.8036273004092015,FALSE,TRUE,0.40181365020460075,0,-0.40181365020460075
WilsIs00,Isaiah Wilson,TEN,2020,OT,Late 1st,FALSE,2.052865136021609e-4,5.633802816901409e-4,0.5624288068243084,TRUE,FALSE,0,-0.2812144034121542,0.2812144034121542
IgbiNo00,Noah Igbinoghene,MIA,2020,CB,Late 1st,FALSE,0.05997704143938777,0.13732394366197184,0.08046471267687343,FALSE,TRUE,0,0,0.08046471267687343
GladJe00,Jeff Gladney,MIN,2020,CB,Late 1st,FALSE,0.09599674346657981,0.2035211267605634,0.08046471267687343,FALSE,TRUE,0,0,0.08046471267687343
EdwaCl00,Clyde Edwards-Helaire,KAN,2020,RB,Late 1st,FALSE,0.13957949588785676,0.3047887323943663,-0.6590141737847004,FALSE,TRUE,0.3295070868923502,0,-0.3295070868923502
LawrTr00,Trevor Lawrence,JAX,2021,QB,Top 10,TRUE,0.7264683815648446,0.8284722222222224,0.37407124048736107,TRUE,FALSE,0,-0.18703562024368053,0.18703562024368053
WilsZa00,Zach Wilson,NYJ,2021,QB,Top 10,FALSE,0.2989117541979278,0.4409722222222222,0.37407124048736107,TRUE,FALSE,0,-0.18703562024368053,0.18703562024368053
LancTr00,Trey Lance,SFO,2021,QB,Top 10,FALSE,0.054245980707395496,0.07263888888888889,0.37407124048736107,TRUE,FALSE,0,-0.18703562024368053,0.18703562024368053
PittKy00,Kyle Pitts,ATL,2021,TE,Top 10,TRUE,0.06285580524344571,0.5720833333333332,-0.8216691790024073,TRUE,FALSE,0,0,-0.8216691790024073
ChasJa00,Ja'Marr Chase,CIN,2021,WR,Top 10,TRUE,0.3430998263888889,0.8609722222222221,0.03548229674290931,FALSE,TRUE,0,0,0.03548229674290931
WaddJa00,Jaylen Waddle,MIA,2021,WR,Top 10,TRUE,0.28818750000000004,0.6750000000000002,0.03548229674290931,TRUE,FALSE,0,-0.017741148371454653,0.017741148371454653
SewePe00,Penei Sewell,DET,2021,OT,Top 10,TRUE,0.37176712328767114,0.985,0.183805236207038,TRUE,FALSE,0,-0.091902618103519,0.091902618103519
HornJa00,Jaycee Horn,CAR,2021,CB,Top 10,FALSE,0.23390333975594088,0.4697222222222222,-0.6077512429479659,FALSE,TRUE,0.30387562147398295,0,-0.30387562147398295
SurtPa01,Patrick Surtain II,DEN,2021,CB,Top 10,TRUE,0.36189338471419397,0.8744444444444445,-0.6077512429479659,FALSE,TRUE,0.30387562147398295,0,-0.30387562147398295
SmitDe07,DeVonta Smith,PHI,2021,WR,Top 10,TRUE,0.3846093749999999,0.8991666666666664,0.03548229674290931,TRUE,FALSE,0,-0.017741148371454653,0.017741148371454653
FielJu00,Justin Fields,CHI,2021,QB,Late 1st,FALSE,0.5409174705251876,0.607638888888889,-0.01464865016940941,FALSE,TRUE,0.007324325084704705,0,-0.007324325084704705
ParsMi00,Micah Parsons,DAL,2021,EDGE,Late 1st,TRUE,0.5076823572340813,0.7627777777777777,0.5944072297042816,FALSE,TRUE,0,0,0.5944072297042816
SlatRa00,Rashawn Slater,LAC,2021,OT,Late 1st,FALSE,0.3289657534246575,0.7080555555555555,0.5624288068243084,FALSE,TRUE,0,0,0.5624288068243084
VeraAl00,Alijah Vera-Tucker,NYJ,2021,IOL,Late 1st,FALSE,0.13466503049233974,0.5709722222222223,-0.7109611026659682,FALSE,TRUE,0.3554805513329841,0,-0.3554805513329841
JoneMa05,Mac Jones,NWE,2021,QB,Late 1st,TRUE,0.5549346195069667,0.6741666666666667,-0.01464865016940941,FALSE,TRUE,0.007324325084704705,0,-0.007324325084704705
CollZa00,Zaven Collins,ARI,2021,LB,Late 1st,FALSE,0.21544572896596018,0.5344444444444444,-0.8036273004092015,FALSE,TRUE,0.40181365020460075,0,-0.40181365020460075
LeatAl00,Alex Leatherwood,LV,2021,IOL,Late 1st,FALSE,0.04561460657444592,0.2506944444444444,-0.7109611026659682,FALSE,TRUE,0.3554805513329841,0,-0.3554805513329841
PhilJa02,Jaelan Phillips,MIA,2021,DL,Late 1st,FALSE,0.23582713754646836,0.42291666666666666,0.2309999195681216,FALSE,TRUE,0,0,0.2309999195681216
DaviJa11,Jamin Davis,WAS,2021,LB,Late 1st,FALSE,0.1258477842003853,0.49777777777777765,-0.8036273004092015,FALSE,TRUE,0.40181365020460075,0,-0.40181365020460075
ToneKa00,Kadarius Toney,NYG,2021,WR,Late 1st,FALSE,0.06118749999999998,0.15249999999999997,0.12050516789925936,TRUE,FALSE,0,-0.06025258394962968,0.06025258394962968
PayeKw00,Kwity Paye,IND,2021,DL,Late 1st,FALSE,0.29228624535315983,0.5241666666666667,0.2309999195681216,FALSE,TRUE,0,0,0.2309999195681216
FarlCa00,Caleb Farley,TEN,2021,CB,Late 1st,FALSE,0.027429672447013487,0.06333333333333334,0.08046471267687343,FALSE,TRUE,0,0,0.08046471267687343
DarrCh00,Christian Darrisaw,MIN,2021,OT,Late 1st,FALSE,0.3184025875190258,0.6219444444444444,0.5624288068243084,TRUE,FALSE,0,-0.2812144034121542,0.2812144034121542
HarrNa00,Najee Harris,PIT,2021,RB,Late 1st,TRUE,0.26402758077226174,0.6169444444444447,-0.6590141737847004,FALSE,TRUE,0.3295070868923502,0,-0.3295070868923502
EtieTr00,Travis Etienne,JAX,2021,RB,Late 1st,TRUE,0.21507565011820332,0.4433333333333334,-0.6590141737847004,FALSE,TRUE,0.3295070868923502,0,-0.3295070868923502
NewsGr00,Greg Newsome II,CLE,2021,CB,Late 1st,FALSE,0.27038471419396265,0.6477777777777776,0.08046471267687343,FALSE,TRUE,0,0,0.08046471267687343
BateRa00,Rashod Bateman,BAL,2021,WR,Late 1st,FALSE,0.22983854166666667,0.47958333333333336,0.12050516789925936,TRUE,FALSE,0,-0.06025258394962968,0.06025258394962968
TurnPa02,Payton Turner,NOR,2021,EDGE,Late 1st,FALSE,0.07542583470169675,0.13666666666666666,0.5944072297042816,TRUE,FALSE,0,-0.2972036148521408,0.2972036148521408
StokEr00,Eric Stokes,GNB,2021,CB,Late 1st,FALSE,0.21686319845857416,0.4819444444444444,0.08046471267687343,TRUE,FALSE,0,-0.04023235633843671,0.04023235633843671
RousGr00,Gregory Rousseau,BUF,2021,DL,Late 1st,TRUE,0.3278345724907062,0.5879166666666665,0.2309999195681216,TRUE,FALSE,0,-0.1154999597840608,0.1154999597840608
OwehJa00,Odafe Oweh,BAL,2021,EDGE,Late 1st,FALSE,0.3371839080459771,0.5220833333333335,0.5944072297042816,FALSE,TRUE,0,0,0.5944072297042816
TryoJo00,Joe Tryon-Shoyinka,TAM,2021,EDGE,Late 1st,FALSE,0.2983428206531655,0.5636111111111111,0.5944072297042816,TRUE,FALSE,0,-0.2972036148521408,0.2972036148521408
WalkTr03,Travon Walker,JAX,2022,EDGE,Top 10,TRUE,0.2035212552453932,0.6736111111111112,0.265142802793857,FALSE,TRUE,0,0,0.265142802793857
HutcAi00,Aidan Hutchinson,DET,2022,EDGE,Top 10,TRUE,0.3882140120415982,0.7206944444444443,0.265142802793857,FALSE,TRUE,0,0,0.265142802793857
StinDe00,Derek Stingley Jr.,HOU,2022,CB,Top 10,TRUE,0.28596596017983295,0.7740277777777776,-0.6077512429479659,TRUE,FALSE,0,0,-0.6077512429479659
GardSa00,Sauce Gardner,NYJ,2022,CB,Top 10,TRUE,0.2881926782273603,0.7422222222222223,-0.6077512429479659,TRUE,FALSE,0,0,-0.6077512429479659
ThibKa00,Kayvon Thibodeaux,NYG,2022,EDGE,Top 10,TRUE,0.21229976281700427,0.6098611111111113,0.265142802793857,FALSE,TRUE,0,0,0.265142802793857
EkwoIk00,Ikem Ekwonu,CAR,2022,OT,Top 10,TRUE,0.23600380517503797,0.8880555555555555,0.183805236207038,FALSE,TRUE,0,0,0.183805236207038
NealEv00,Evan Neal,NYG,2022,OT,Top 10,FALSE,0.10779680365296802,0.37472222222222223,0.183805236207038,TRUE,FALSE,0,-0.091902618103519,0.091902618103519
LondDr00,Drake London,ATL,2022,WR,Top 10,TRUE,0.24112239583333325,0.7279166666666664,0.03548229674290931,FALSE,TRUE,0,0,0.03548229674290931
CrosCh00,Charles Cross,SEA,2022,OT,Top 10,TRUE,0.3601917808219177,0.8983333333333332,0.183805236207038,FALSE,TRUE,0,0,0.183805236207038
WilsGa00,Garrett Wilson,NYJ,2022,WR,Top 10,TRUE,0.35782812499999994,0.7165277777777775,0.03548229674290931,TRUE,FALSE,0,-0.017741148371454653,0.017741148371454653
OlavCh00,Chris Olave,NOR,2022,WR,Late 1st,FALSE,0.19512500000000002,0.5575000000000001,0.12050516789925936,FALSE,TRUE,0,0,0.12050516789925936
WillJa11,Jameson Williams,DET,2022,WR,Late 1st,FALSE,0.28570833333333334,0.5233333333333333,0.12050516789925936,FALSE,TRUE,0,0,0.12050516789925936
DaviJo03,Jordan Davis,PHI,2022,DL,Late 1st,FALSE,0.25905349029326713,0.4231944444444443,0.2309999195681216,FALSE,TRUE,0,0,0.2309999195681216
HamiKy00,Kyle Hamilton,BAL,2022,S,Late 1st,TRUE,0.23895191409897293,0.8056944444444445,-1.1099795447264005,FALSE,TRUE,0.5549897723632002,0,-0.5549897723632002
GreeKe03,Kenyon Green,HOU,2022,IOL,Late 1st,FALSE,0.05588160047597798,0.30277777777777776,-0.7109611026659682,TRUE,FALSE,0,0,-0.7109611026659682
DotsJa00,Jahan Dotson,WAS,2022,WR,Late 1st,FALSE,0.2655052083333333,0.6308333333333332,0.12050516789925936,TRUE,FALSE,0,-0.06025258394962968,0.06025258394962968
JohnZi00,Zion Johnson,LAC,2022,IOL,Late 1st,TRUE,0.22083444890673803,0.9384722222222222,-0.7109611026659682,FALSE,TRUE,0.3554805513329841,0,-0.3554805513329841
BurkTr00,Treylon Burks,TEN,2022,WR,Late 1st,FALSE,0.11902951388888891,0.2865277777777778,0.12050516789925936,TRUE,FALSE,0,-0.06025258394962968,0.06025258394962968
PennTr00,Trevor Penning,NOR,2022,OT,Late 1st,FALSE,0.17997488584474888,0.47527777777777785,0.5624288068243084,TRUE,FALSE,0,-0.2812144034121542,0.2812144034121542
PickKe00,Kenny Pickett,PIT,2022,QB,Late 1st,FALSE,0.3098060021436228,0.35777777777777786,-0.01464865016940941,FALSE,TRUE,0.007324325084704705,0,-0.007324325084704705
McDuTr00,Trent McDuffie,KAN,2022,CB,Late 1st,TRUE,0.43321836865767505,0.8788888888888889,0.08046471267687343,FALSE,TRUE,0,0,0.08046471267687343
WalkQu00,Quay Walker,GNB,2022,LB,Late 1st,TRUE,0.2391779062299294,0.7634722222222224,-0.8036273004092015,FALSE,TRUE,0.40181365020460075,0,-0.40181365020460075
ElamKa00,Kaiir Elam,BUF,2022,CB,Late 1st,FALSE,0.135883429672447,0.3456944444444444,0.08046471267687343,FALSE,TRUE,0,0,0.08046471267687343
SmitTy02,Tyler Smith,DAL,2022,IOL,Late 1st,TRUE,0.2535814368585453,0.8941666666666668,-0.7109611026659682,TRUE,FALSE,0,0,-0.7109611026659682
LindTy00,Tyler Linderbaum,BAL,2022,IOL,Late 1st,TRUE,0.27106500074371553,0.9661111111111109,-0.7109611026659682,TRUE,FALSE,0,0,-0.7109611026659682
JohnJe07,Jermaine Johnson II,NYJ,2022,LB,Late 1st,FALSE,0.1336946050096339,0.37916666666666665,-0.8036273004092015,TRUE,FALSE,0,0,-0.8036273004092015
LloyDe00,Devin Lloyd,JAX,2022,LB,Late 1st,TRUE,0.24562861271676306,0.7520833333333335,-0.8036273004092015,FALSE,TRUE,0.40181365020460075,0,-0.40181365020460075
WyatDe00,Devonte Wyatt,GNB,2022,DL,Late 1st,FALSE,0.15675340768277568,0.35138888888888886,0.2309999195681216,TRUE,FALSE,0,-0.1154999597840608,0.1154999597840608
StraCo01,Cole Strange,NWE,2022,IOL,Late 1st,FALSE,0.13080856760374832,0.5644444444444444,-0.7109611026659682,FALSE,TRUE,0.3554805513329841,0,-0.3554805513329841
KarlGe00,George Karlaftis III,KAN,2022,EDGE,Late 1st,TRUE,0.46954916985951467,0.7722222222222221,0.5944072297042816,TRUE,FALSE,0,-0.2972036148521408,0.2972036148521408
HillDa04,Daxton Hill,CIN,2022,CB,Late 1st,FALSE,0.21252729608220933,0.5406944444444444,0.08046471267687343,FALSE,TRUE,0,0,0.08046471267687343
CineLe00,Lewis Cine,MIN,2022,CB,Late 1st,FALSE,9.216441875401413e-4,0.0019444444444444446,0.08046471267687343,FALSE,TRUE,0,0,0.08046471267687343
