tm_player_id,gsis_player_id,elias_player_id,nfl_player_id,tm_full_name,tm_position,elias_team_id,tm_team_abbrev,tm_season_year,tm_height,tm_weight,tm_dob,tm_age_sep1,tm_college,tm_college_conf,tm_experience,tm_jersey_number,tm_draft_round,tm_draft_num_in_round,tm_draft_number_overall,tm_draft_team,tm_draft_year,tm_40_time,tm_bench_reps,tm_broad_jump,tm_20_shuttle,tm_3_cone,tm_arm_length,tm_hand_span,tm_vert_jump,tm_wing_span,tm_athlete_score,tm_combine_score,tm_size_score,tm_production_score,tm_proday_dash40,tm_proday_3cone,tm_proday_bench,tm_proday_long_jump,tm_proday_ss20,tm_proday_vert
39232,00-0039232,WIG187116,,Nate Wiggins,CB,325,BAL,2025,73,182,2003-08-28,22.011,Clemson,Atlantic Coast Conference,2,2,1,Undrafted,30.0,BAL,2024,4.28,,127.0,,,30.5,9.0,36.0,74.25,70.5,79.0,,75.8,,,,,,
39233,00-0039233,ROS412039,,Roger Rosengarten,OL,325,BAL,2025,77,316,2002-06-03,23.246,Washington,Pacific Twelve Conference,2,70,2,Undrafted,62.0,BAL,2024,4.92,,113.0,4.6,,33.5,9.625,30.0,80.375,80.7,72.7,,68.5,,,20.0,,4.75,
39234,00-0039234,TAM523098,,T.J. Tampa,CB,325,BAL,2025,73,199,2002-03-13,23.471,Iowa State,Big Twelve Conference,2,27,4,Undrafted,130.0,BAL,2024,,,,,,32.125,9.625,,78.625,60.4,74.3,,77.4,4.59,6.97,,,4.07,
39309,00-0039309,MUR526628,,Byron Murphy II,DT,4600,SEA,2025,72,306,2002-09-08,22.981,Texas,Big Twelve Conference,2,91,1,Undrafted,16.0,SEA,2024,4.87,28.0,111.0,,,32.375,10.25,33.0,77.125,86.4,83.7,,81.9,,7.5,,,4.5,
39349,00-0039349,GLA761060,,DJ Glaze,OL,2520,LV,2025,76,331,2002-08-04,23.077,Maryland,Big Ten Conference,2,71,3,Undrafted,77.0,LV,2024,5.21,29.0,104.0,,,34.875,10.25,25.5,82.75,71.7,69.0,,64.3,,8.15,,,4.83,
39351,00-0039351,PUN141154,,Dominick Puni,OT,4500,SF,2025,77,313,2000-02-24,25.517,Kansas,Big Twelve Conference,2,77,3,Undrafted,86.0,SF,2024,5.35,,107.0,4.4,7.47,33.375,10.125,30.0,81.125,73.5,74.3,,74.2,,,26.0,107.0,,
39352,00-0039352,LIU098197,,Marist Liufau,LB,1200,DAL,2025,74,239,2001-02-09,24.559,Notre Dame,Independent,2,35,3,Undrafted,87.0,DAL,2024,4.64,,,,,34.25,9.875,,79.375,67.2,69.7,,64.2,,7.16,16.0,108.0,4.27,30.0
39353,00-0039353,JON448826,,Jarrian Jones,CB,2250,JAX,2025,71,190,2001-05-08,24.318,Florida State,Atlantic Coast Conference,2,22,3,Undrafted,96.0,JAX,2024,4.38,,129.0,,,30.0,8.625,39.5,73.25,82.6,70.1,,59.4,,,,,4.3,
39358,00-0039358,MCC592977,,Mason McCormick,OL,3900,PIT,2025,77,315,2000-05-25,25.268,South Dakota State,Missouri Valley Football Conference,2,66,4,Undrafted,119.0,PIT,2024,5.08,,117.0,4.45,7.59,33.875,10.0,35.5,81.625,87.8,79.7,,79.5,,,32.0,,,
39368,00-0039368,MAG257251,,Jordan Magee,LB,5110,WAS,2025,75,226,2001-03-24,24.441,Temple,American Athletic Conference,2,58,5,Undrafted,139.0,WAS,2024,4.55,,124.0,,,32.0,8.75,35.5,76.0,83.4,76.3,,68.5,,6.9,,,4.16,
39371,00-0039371,ABR462444,,Kris Abrams-Draine,CB,1400,DEN,2025,71,178,2001-10-04,23.91,Missouri,Southeastern Conference,2,31,5,Undrafted,145.0,DEN,2024,4.44,,,,,31.0,8.625,33.5,74.625,56.7,70.9,,74.5,,7.15,,115.0,4.41,
39374,00-0039374,EIC311468,,Tommy Eichenberg,LB,2520,LV,2025,74,233,2001-01-11,24.638,Ohio State,Big Ten Conference,2,44,5,Undrafted,148.0,LV,2024,,,116.0,4.24,,31.625,9.25,32.5,77.125,72.0,68.7,,65.5,,7.02,20.0,,,
39388,00-0039388,FOR229985,,Jaylan Ford,LB,3300,NO,2025,74,240,2001-11-28,23.759,Texas,Big Twelve Conference,2,53,5,Undrafted,175.0,NO,2024,,,121.0,,,31.75,9.5,33.5,74.375,73.6,68.3,,66.0,4.71,7.09,18.0,126.0,4.24,
39407,00-0039407,LAU037491,,Dylan Laube,RB,2520,LV,2025,69,204,1999-12-14,25.715,New Hampshire,Colonial Athletic Association,2,23,6,Undrafted,208.0,LV,2024,4.54,23.0,118.0,4.02,6.84,29.375,9.25,37.0,71.125,83.3,73.8,,65.9,,,,,,
39422,00-0039422,THO309072,,Nathan Thomas,OT,1200,DAL,2025,77,330,2001-08-22,24.027,Louisiana-Lafayette,Sun Belt Conference,2,71,7,Undrafted,233.0,DAL,2024,5.19,,107.0,,8.01,33.75,10.75,25.0,83.0,77.7,70.2,,63.9,,,24.0,,4.65,
39436,00-0039436,HAR310353,,Jaylen Harrell,LB,2100,TEN,2025,76,247,2002-05-01,23.337,Michigan,Big Ten Conference,2,92,7,Undrafted,252.0,TEN,2024,,,118.0,,,33.25,9.75,37.0,81.125,71.0,65.8,,61.8,4.68,,,,4.39,
39732,00-0039732,NIX118212,,Bo Nix,QB,1400,DEN,2025,74,217,2000-02-25,25.515,Oregon,Pacific Twelve Conference,2,10,1,Undrafted,12.0,DEN,2024,,,,,,31.875,10.125,,74.25,76.5,80.8,,86.3,,,,,,
39733,00-0039733,ORH415291,,Ruke Orhorhoro,DT,200,ATL,2025,76,294,2001-10-13,23.885,Clemson,Atlantic Coast Conference,2,98,2,Undrafted,35.0,ATL,2024,4.89,29.0,116.0,,,34.0,9.375,32.0,79.5,88.6,76.3,,72.0,,7.39,,,4.5,
39734,00-0039734,FIS731693,,Braden Fiske,DT,2510,LAR,2025,77,291,2000-01-18,25.619,Florida State,Atlantic Coast Conference,2,55,2,Undrafted,39.0,LAR,2024,4.78,26.0,117.0,4.37,,31.0,9.375,33.5,76.75,89.3,79.2,,76.8,,,,,,
39738,00-0039738,COR783995,,Blake Corum,RB,2510,LAR,2025,68,210,2000-11-25,24.765,Michigan,Big Ten Conference,2,22,3,Undrafted,83.0,LAR,2024,4.53,27.0,,4.12,6.82,28.875,9.0,35.5,70.125,79.3,77.2,,73.2,,,,,4.13,
39740,00-0039740,HUN249742,,Jalyx Hunt,LB,3700,PHI,2025,75,252,2001-03-13,24.471,Houston Christian University,Southland Conference,2,58,3,Undrafted,94.0,PHI,2024,4.64,19.0,128.0,,,34.375,10.0,37.5,82.75,76.9,68.9,,62.9,,7.18,,,4.38,
39741,00-0039741,WIL772747,,Payton Wilson,LB,3900,PIT,2025,76,242,2000-04-21,25.361,N.C. State,Atlantic Coast Conference,2,41,3,Undrafted,98.0,PIT,2024,4.43,,119.0,,,30.5,9.0,34.5,75.75,82.1,82.7,,82.5,,6.85,,,4.2,
39749,00-0039749,DAV781781,,Tyler Davis,DT,2510,LAR,2025,74,300,2000-11-01,24.83,Clemson,Atlantic Coast Conference,2,90,6,Undrafted,196.0,LAR,2024,5.02,29.0,108.0,5.0,,31.375,9.25,28.5,75.0,66.3,68.0,,70.2,,7.74,,,4.78,
39790,00-0039790,FAS215841,,Olumuyiwa Fashanu,OT,3430,NYJ,2025,78,312,2002-12-09,22.729,Penn State,Big Ten Conference,2,74,1,Undrafted,11.0,NYJ,2024,5.11,,109.0,,,34.0,8.5,32.0,82.625,78.5,81.9,,79.9,,,,,,
39793,00-0039793,BAR235889,,AJ Barner,TE,4600,SEA,2025,78,251,2002-05-03,23.331,Michigan,Big Ten Conference,2,88,4,Undrafted,121.0,SEA,2024,,,,,,33.375,9.0,,81.875,75.0,73.1,,65.5,4.84,7.02,22.0,117.0,4.41,34.5
39795,00-0039795,PRI790475,,Nehemiah Pritchett,CB,4600,SEA,2025,72,188,2001-02-11,24.553,Auburn,Southeastern Conference,2,28,5,Undrafted,136.0,SEA,2024,4.36,,,,,31.625,8.375,34.5,75.0,75.8,70.6,,63.4,,7.09,,119.0,4.26,
39808,00-0039808,ADA373948,,Isaiah Adams,G,3800,ARI,2025,76,316,2000-07-21,25.112,Illinois,Big Ten Conference,2,74,3,Undrafted,71.0,ARI,2024,5.22,22.0,102.0,4.73,7.77,33.875,9.0,24.5,81.875,76.7,68.1,,59.0,,,,,,
39812,00-0039812,HOP640560,,Ty'Ron Hopper,LB,1800,GB,2025,74,228,2001-04-26,24.35,Missouri,Southeastern Conference,2,59,3,Undrafted,91.0,GB,2024,,,,,,31.375,8.875,,77.75,63.1,66.2,,66.9,4.68,7.29,,124.0,4.46,36.0
39818,00-0039818,OLA083057,,Kitan Oladapo,SAF,1800,GB,2025,74,216,2000-10-10,24.89,Oregon State,Pacific Twelve Conference,2,27,5,Undrafted,169.0,GB,2024,4.58,15.0,117.0,,,32.375,9.25,36.0,76.875,70.2,71.8,,67.9,,,,,,
39821,00-0039821,PHI113751,,Andru Phillips,DB,3410,NYG,2025,71,180,2001-11-30,23.754,Kentucky,Southeastern Conference,2,22,3,Undrafted,70.0,NYG,2024,4.48,,135.0,,,31.25,8.75,42.0,75.0,75.4,68.1,,61.1,,6.98,16.0,,4.29,
39825,00-0039825,HIC502297,,Jaden Hicks,SAF,2310,KC,2025,73,215,2002-08-16,23.044,Washington State,Pacific Twelve Conference,2,21,4,Undrafted,133.0,KC,2024,,16.0,122.0,4.37,6.88,31.5,9.375,37.5,76.25,77.9,75.3,,68.7,4.5,,,,,
39826,00-0039826,TRO498404,,Jeremiah Trotter Jr.,LB,3700,PHI,2025,72,225,2002-12-24,22.688,Clemson,Atlantic Coast Conference,2,54,5,Undrafted,155.0,PHI,2024,,21.0,,4.4,7.13,31.5,9.25,,74.75,58.7,73.2,,78.5,4.82,7.33,,116.0,4.5,33.0
39834,00-0039834,KIN099099,,Kamren Kinchens,SAF,2510,LAR,2025,71,207,2002-09-29,22.923,Miami,Atlantic Coast Conference,2,26,3,Undrafted,99.0,LAR,2024,4.65,,110.0,,,31.25,9.75,35.0,75.0,57.8,72.7,,75.6,4.6,,13.0,,,
39835,00-0039835,EBO415291,,Justin Eboigbe,DT,4400,LAC,2025,77,292,2001-04-09,24.397,Alabama,Southeastern Conference,2,92,4,Undrafted,105.0,LAC,2024,5.18,,,,,33.375,9.75,28.0,80.75,62.7,65.2,,67.1,,,,,,
39838,00-0039838,BUL475420,,Calen Bullock,SAF,2120,HOU,2025,75,190,2003-04-30,22.339,USC,Pacific Twelve Conference,2,2,3,Undrafted,78.0,HOU,2024,4.48,,,,,32.5,9.0,,78.125,71.2,72.6,,64.9,,,8.0,120.0,,33.0
39844,00-0039844,SUA474618,,Kingsley Suamataia,OT,2310,KC,2025,76,326,2003-01-18,22.619,BYU,Big Twelve Conference,2,76,2,Undrafted,63.0,KC,2024,5.04,31.0,110.0,,,34.25,10.625,28.0,82.125,88.6,79.9,,71.9,,,,,,
39851,00-0039851,MAY289639,,Drake Maye,QB,3200,NE,2025,76,225,2002-08-30,23.005,North Carolina,Atlantic Coast Conference,2,10,1,Undrafted,3.0,NE,2024,,,,,,32.25,9.125,,76.125,76.7,84.9,,87.7,,,,,,
39852,00-0039852,VER641394,,Jared Verse,LB,2510,LAR,2025,76,260,2000-11-04,24.822,Florida State,Atlantic Coast Conference,2,8,1,Undrafted,19.0,LAR,2024,4.58,31.0,127.0,4.44,7.31,33.5,9.875,35.0,79.5,78.6,85.8,,83.4,,,,,,
39860,00-0039860,MCK667314,,Kool-Aid McKinstry,CB,3300,NO,2025,71,199,2002-09-30,22.921,Alabama,Southeastern Conference,2,4,2,Undrafted,41.0,NO,2024,,,,,,32.0,8.5,,75.875,79.1,81.1,,74.4,4.47,,,121.0,,34.5
39867,00-0039867,BUL364409,,Javon Bullard,SAF,1800,GB,2025,70,198,2002-09-05,22.989,Georgia,Southeastern Conference,2,20,2,Undrafted,58.0,GB,2024,4.47,,,,,30.75,9.0,,73.875,86.6,82.0,,77.7,,7.0,16.0,,3.97,33.0
39868,00-0039868,FRA545210,,Troy Franklin,WR,1400,DEN,2025,75,180,2003-02-06,22.567,Oregon,Pacific Twelve Conference,2,11,4,Undrafted,102.0,DEN,2024,4.41,,124.0,4.31,6.9,31.875,8.75,39.0,77.25,73.6,82.7,,85.7,,,,,,
39871,00-0039871,FAU766320,,Troy Fautanu,OT,3900,PIT,2025,76,317,2000-10-11,24.888,Washington,Pacific Twelve Conference,2,76,1,Undrafted,20.0,PIT,2024,5.01,,113.0,,,34.5,9.5,32.5,81.5,93.4,83.4,,76.5,,,29.0,,,
39872,00-0039872,BIS244955,,Cole Bishop,SAF,610,BUF,2025,74,207,2002-10-24,22.855,Utah,Pacific Twelve Conference,2,24,2,Undrafted,60.0,BUF,2024,4.45,,124.0,,,29.75,9.5,39.0,73.0,81.8,76.8,,70.2,,,,,,
39879,00-0039879,SOL228092,,Javon Solomon,DE,610,BUF,2025,73,246,2001-01-17,24.621,Troy,Sun Belt Conference,2,56,5,Undrafted,168.0,BUF,2024,4.72,23.0,119.0,,,33.875,10.75,37.0,80.25,70.0,71.9,,78.5,,7.27,27.0,,4.39,
39880,00-0039880,WAS519225,,Malik Washington,WR,2700,MIA,2025,68,195,2000-10-20,24.863,Virginia,Atlantic Coast Conference,2,6,6,Undrafted,184.0,MIA,2024,4.47,19.0,126.0,,,30.375,9.25,42.5,72.875,76.4,78.2,,76.4,,6.87,,,4.26,
39896,00-0039896,FRA828596,,Zach Frazier,C,3900,PIT,2025,75,310,2001-08-29,24.008,West Virginia,Big Twelve Conference,2,54,2,Undrafted,51.0,PIT,2024,,30.0,,,,32.25,10.875,,78.5,78.9,79.8,,78.7,5.26,7.85,,100.0,4.69,28.0
39898,00-0039898,SAI624938,,Mike Sainristil,CB,5110,WAS,2025,70,182,2000-10-03,24.91,Michigan,Big Ten Conference,2,0,2,Undrafted,50.0,WAS,2024,4.47,14.0,131.0,4.01,6.99,30.875,8.5,40.0,74.5,71.7,72.2,,67.2,,6.95,,,4.18,
39902,00-0039902,BRA659472,,Chris Braswell,LB,4900,TB,2025,75,255,2001-10-25,23.852,Alabama,Southeastern Conference,2,43,2,Undrafted,57.0,TB,2024,4.6,,115.0,,,33.25,9.375,33.5,81.375,72.6,75.8,,75.5,,,,,,
39904,00-0039904,MOR166787,,Jordan Morgan,OT,1800,GB,2025,77,311,2001-08-04,24.077,Arizona,Pacific Twelve Conference,2,77,1,Undrafted,25.0,GB,2024,5.04,,110.0,,,32.875,10.875,28.0,81.375,88.2,78.1,,63.5,,,27.0,,,
39905,00-0039905,BAR768688,,Graham Barton,C,4900,TB,2025,77,314,2002-06-01,23.252,Duke,Atlantic Coast Conference,2,62,1,Undrafted,26.0,TB,2024,,,,,,32.875,9.375,,79.75,99.0,82.5,,66.5,4.95,7.31,,,4.55,
39906,00-0039906,NEW714885,,Jer'Zhan Newton,DT,5110,WAS,2025,74,295,2002-08-31,23.003,Illinois,Big Ten Conference,2,95,2,Undrafted,36.0,WAS,2024,,,,,,32.375,9.5,,75.875,75.8,84.4,,87.7,,,,,,
39918,00-0039918,WIL176897,,Caleb Williams,QB,810,CHI,2025,73,226,2001-11-18,23.786,USC,Pacific Twelve Conference,2,18,1,Undrafted,1.0,CHI,2024,,,,,,32.0,9.75,,75.875,79.1,88.3,,94.8,,,,,,
39924,00-0039924,TUR246013,,Dallas Turner,LB,3000,MIN,2025,75,247,2003-02-02,22.578,Alabama,Southeastern Conference,2,15,1,Undrafted,17.0,MIN,2024,4.46,,127.0,,,34.375,9.875,40.5,83.0,85.0,84.4,,84.3,,,20.0,,,
39925,00-0039925,MIM574524,,Amarius Mims,OT,920,CIN,2025,80,350,2002-10-14,22.882,Georgia,Southeastern Conference,2,71,1,Undrafted,18.0,CIN,2024,5.07,,111.0,,,36.125,11.25,25.5,86.75,85.7,85.2,,79.5,,,,,,
39875,00-0039875,DAV632804,,Ray Davis,RB,610,BUF,2025,68,220,1999-11-20,25.781,Kentucky,Southeastern Conference,2,22,4,Undrafted,128.0,BUF,2024,4.52,,119.0,4.51,,30.25,8.875,35.0,72.25,70.7,74.6,,71.3,,,21.0,,4.33,
39899,00-0039899,PAU315620,,Patrick Paul,OT,2700,MIA,2025,79,326,2001-11-01,23.833,Houston,Big Twelve Conference,2,52,2,Undrafted,55.0,MIA,2024,5.13,30.0,,,7.65,36.25,9.375,29.0,86.25,86.7,78.5,,72.0,,,,,4.71,
39751,00-0039751,WHI807684,,Jordan Whittington,WR,2510,LAR,2025,73,202,2000-10-01,24.915,Texas,Big Twelve Conference,2,88,6,Undrafted,213.0,LAR,2024,,18.0,,,,30.375,10.0,,73.625,73.4,66.3,,56.6,4.47,6.8,,120.0,4.12,36.0
39340,00-0039340,LAT726759,,Laiatu Latu,DE,2200,IND,2025,77,265,2000-12-31,24.666,UCLA,Pacific Twelve Conference,2,97,1,Undrafted,15.0,IND,2024,4.64,,116.0,,,32.625,9.625,32.0,78.25,75.3,85.3,,91.7,,7.09,,,4.34,
39343,00-0039343,LAS641535,,Kamari Lassiter,CB,2120,HOU,2025,72,180,2003-01-23,22.605,Georgia,Southeastern Conference,2,4,2,Undrafted,42.0,HOU,2024,,,,4.12,6.62,30.875,8.875,,73.75,58.4,72.3,,72.3,4.64,,,,4.08,
39369,00-0039369,HAR659973,,Cam Hart,CB,4400,LAC,2025,74,207,2000-12-05,24.737,Notre Dame,Independent,2,20,5,Undrafted,140.0,LAC,2024,4.5,11.0,130.0,4.24,7.12,33.0,9.375,39.5,78.875,70.7,70.8,,63.2,,,,,,
39380,00-0039380,SMI830146,,Chau Smith-Wade,CB,750,CAR,2025,71,176,2002-09-17,22.956,Washington State,Pacific Twelve Conference,2,26,5,Undrafted,157.0,CAR,2024,4.54,18.0,125.0,4.32,7.05,30.25,9.125,34.5,72.375,60.2,65.5,,65.0,4.59,,,,,
39410,00-0039410,FLO245061,,Ryan Flournoy,WR,1200,DAL,2025,73,205,1999-10-27,25.847,Southeast Missouri State,Big South - Ohio Valley Conference,2,19,6,Undrafted,216.0,DAL,2024,4.44,19.0,132.0,,,31.625,10.125,39.5,76.125,83.6,75.3,,72.6,,,,,,
39417,00-0039417,HAR049297,,Myles Harden,DB,1050,CLE,2025,71,195,2001-12-13,23.718,South Dakota,Missouri Valley Football Conference,2,26,7,Undrafted,227.0,CLE,2024,4.5,13.0,118.0,3.98,6.88,29.875,9.375,35.5,74.0,72.2,70.5,,62.0,,,,,,
39430,00-0039430,WIL332566,,James Williams,LB,2100,TEN,2025,76,232,2003-02-15,22.542,Miami,Atlantic Coast Conference,2,52,7,Undrafted,242.0,TEN,2024,4.65,,117.0,,,33.625,9.5,30.0,80.25,59.6,66.3,,66.5,,,,,,
39736,00-0039736,GON059327,,Matt Goncalves,OL,2200,IND,2025,78,317,2001-01-26,24.597,Pittsburgh,Atlantic Coast Conference,2,71,3,Undrafted,79.0,IND,2024,,,,,,33.25,9.0,,81.25,72.1,67.3,,58.8,5.2,,19.0,,4.89,30.5
39744,00-0039744,BOR657714,,Tanor Bortolini,G,2200,IND,2025,76,303,2002-06-17,23.208,Wisconsin,Big Ten Conference,2,60,4,Undrafted,117.0,IND,2024,4.94,21.0,112.0,4.28,7.16,31.5,10.0,32.5,77.625,97.4,76.4,,66.5,,,27.0,,,
39755,00-0039755,LEV473045,,KT Leveston,OL,1050,CLE,2025,76,335,1999-10-28,25.844,Kansas State,Big Twelve Conference,2,72,7,Undrafted,254.0,LAR,2024,5.38,25.0,108.0,4.89,,34.375,9.875,27.5,81.125,69.9,65.1,,56.5,,7.9,,,4.85,
39798,00-0039798,DAV410574,,Isaiah Davis,RB,3430,NYJ,2025,73,220,2002-02-21,23.526,South Dakota State,Missouri Valley Football Conference,2,32,5,Undrafted,173.0,NYJ,2024,4.57,23.0,119.0,,,31.125,10.25,34.5,74.875,71.9,78.1,,80.5,,,,,4.3,
39813,00-0039813,WIL277058,,Evan Williams,SAF,1800,GB,2025,71,200,2001-07-28,24.096,Oregon,Pacific Twelve Conference,2,33,4,Undrafted,111.0,GB,2024,4.6,,126.0,,,30.125,10.125,40.5,72.875,72.3,69.5,,67.3,4.59,7.1,18.0,,4.08,
39841,00-0039841,DEJ226521,,Cooper DeJean,CB,3700,PHI,2025,72,198,2003-02-09,22.559,Iowa,Big Ten Conference,2,33,2,Undrafted,40.0,PHI,2024,,,,,,31.125,9.625,,74.875,81.9,86.7,,88.6,4.46,,16.0,124.0,,38.5
39846,00-0039846,SMI765745,,Tykee Smith,DB,4900,TB,2025,70,202,2001-02-18,24.534,Georgia,Southeastern Conference,2,23,3,Undrafted,89.0,TB,2024,4.46,,120.0,,,31.625,9.25,36.0,74.75,75.9,71.1,,70.9,,7.01,16.0,,4.33,
39850,00-0039850,COO535990,,Edgerrin Cooper,LB,1800,GB,2025,74,229,2001-11-17,23.789,Texas A&M,Southeastern Conference,2,56,2,Undrafted,45.0,GB,2024,4.51,,118.0,,,34.0,9.75,34.5,80.25,78.3,82.7,,83.0,4.52,7.2,,120.0,4.27,33.5
39857,00-0039857,FIS188380,,Blake Fisher,OT,2120,HOU,2025,78,310,2003-03-25,22.438,Notre Dame,Independent,2,57,2,Undrafted,59.0,HOU,2024,5.2,,114.0,4.73,7.76,34.375,10.0,28.0,83.0,74.9,73.9,,68.9,,,22.0,,,
39858,00-0039858,GRA613330,,Cedric Gray,LB,2100,TEN,2025,74,235,2002-10-30,22.838,North Carolina,Atlantic Coast Conference,2,33,4,Undrafted,106.0,TEN,2024,4.64,17.0,120.0,,,32.5,9.0,35.5,78.375,71.2,75.9,,76.2,,7.19,,,4.54,
39888,00-0039888,MIT626299,,Quinyon Mitchell,CB,3700,PHI,2025,72,193,2001-07-18,24.123,Toledo,Mid-American Conference,2,27,1,Undrafted,22.0,PHI,2024,4.33,20.0,122.0,,,31.0,9.25,38.0,75.75,86.3,84.5,,76.1,,,,,,
39890,00-0039890,MIT056120,,Adonai Mitchell,WR,3430,NYJ,2025,74,205,2002-10-08,22.899,Texas,Big Twelve Conference,2,15,2,Undrafted,52.0,IND,2024,4.34,,136.0,,,32.375,9.0,39.5,77.625,88.9,80.6,,68.8,,,,,,
39912,00-0039912,SIN713776,,Ben Sinnott,TE,5110,WAS,2025,76,245,2002-06-14,23.216,Kansas State,Big Twelve Conference,2,82,2,Undrafted,53.0,WAS,2024,4.68,,126.0,4.23,6.82,32.375,9.5,40.0,77.5,87.2,78.4,,73.3,,,,,,40.0
39915,00-0039915,MCC512833,,Ladd McConkey,WR,4400,LAC,2025,72,185,2001-11-11,23.806,Georgia,Southeastern Conference,2,15,2,Undrafted,34.0,LAC,2024,4.39,13.0,124.0,,,30.25,8.625,36.0,72.0,82.5,79.8,,74.2,,6.72,,,3.97,
39815,00-0039815,KNI756662,,Tyrice Knight,LB,4600,SEA,2025,72,233,1999-12-20,25.699,Texas-El Paso,Conference USA,2,48,4,Undrafted,118.0,SEA,2024,4.63,21.0,119.0,4.4,7.25,32.5,9.25,34.5,80.375,75.9,72.1,,69.8,,,,,,
39342,00-0039342,LEG145351,,Xavier Legette,WR,750,CAR,2025,75,227,2001-01-29,24.589,South Carolina,Southeastern Conference,2,17,1,Undrafted,32.0,CAR,2024,4.39,,126.0,,,31.875,9.0,40.0,77.5,83.5,79.8,,73.7,,,24.0,,,
39357,00-0039357,RIC408250,,Decamerion Richardson,CB,2520,LV,2025,74,192,2001-03-16,24.463,Mississippi State,Southeastern Conference,2,25,4,Undrafted,112.0,LV,2024,4.34,,128.0,,,32.375,8.875,35.0,77.875,77.6,68.3,,66.8,,6.96,8.0,,4.26,33.5
39366,00-0039366,STI398856,,Tarheeb Still,DB,4400,LAC,2025,73,196,2002-06-09,23.23,Maryland,Big Ten Conference,2,29,5,Undrafted,137.0,LAC,2024,4.52,,120.0,,,29.625,9.125,38.0,73.125,62.2,63.9,,67.5,4.49,,,,4.19,
39384,00-0039384,TRA116277,,Tyrone Tracy Jr.,RB,3410,NYG,2025,71,210,1999-11-23,25.773,Purdue,Big Ten Conference,2,29,5,Undrafted,166.0,NYG,2024,4.48,,124.0,4.06,6.81,31.75,9.125,40.0,76.625,88.0,74.3,,67.4,,,20.0,,,
39746,00-0039746,SHI386967,,Will Shipley,RB,3700,PHI,2025,71,210,2002-08-29,23.008,Clemson,Atlantic Coast Conference,2,28,4,Undrafted,127.0,PHI,2024,,,,,,30.25,9.625,,74.125,82.6,75.0,,66.3,4.45,6.88,16.0,122.0,4.1,38.5
39796,00-0039796,ALI140900,,Rasheen Ali,RB,325,BAL,2025,71,210,2001-02-16,24.539,Marshall,Sun Belt Conference,2,26,5,Undrafted,165.0,BAL,2024,,,,,,31.25,8.625,,,77.4,70.4,,65.2,,,,,,
39847,00-0039847,JOH679524,,Theo Johnson,TE,3410,NYG,2025,78,264,2001-02-26,24.512,Penn State,Big Ten Conference,2,84,4,Undrafted,107.0,NYG,2024,4.57,,125.0,4.19,7.15,33.0,10.25,39.5,80.75,90.3,78.0,,66.9,,,19.0,,,
39854,00-0039854,ROB388955,,Darius Robinson,DL,3800,ARI,2025,77,285,2001-09-13,23.967,Missouri,Southeastern Conference,2,56,1,Undrafted,27.0,ARI,2024,4.95,21.0,111.0,,,34.5,10.625,35.0,84.375,64.8,73.7,,75.9,,7.87,28.0,,4.76,
39859,00-0039859,DOR149742,,Brandon Dorlus,DE,200,ATL,2025,75,295,2001-03-22,24.446,Oregon,Pacific Twelve Conference,2,54,4,Undrafted,109.0,ATL,2024,4.85,,111.0,4.85,7.43,33.25,9.375,30.5,80.875,71.3,68.6,,63.3,,,,,,
39876,00-0039876,VAN715349,,Sedrick Van Pran-Granger,C,610,BUF,2025,76,310,2001-10-23,23.858,Georgia,Southeastern Conference,2,62,5,Undrafted,141.0,BUF,2024,5.2,,,4.82,7.46,31.375,9.5,,78.625,63.1,72.0,,71.3,,,,,,
39911,00-0039911,ROB380868,,Chop Robinson,LB,2700,MIA,2025,75,254,2003-01-02,22.663,Penn State,Big Ten Conference,2,44,1,Undrafted,21.0,MIA,2024,4.48,,128.0,4.25,,32.5,9.125,34.5,76.25,91.4,84.0,,73.5,,7.01,,,,
39370,00-0039370,BER779588,,JD Bertrand,LB,200,ATL,2025,73,230,2000-05-05,25.323,Notre Dame,Independent,2,40,5,Undrafted,143.0,ATL,2024,,20.0,,,,30.625,9.75,,74.875,68.9,66.5,,63.8,,,,,,
39345,00-0039345,GRE331722,,Renardo Green,CB,4500,SF,2025,72,186,2000-11-09,24.808,Florida State,Atlantic Coast Conference,2,0,2,Undrafted,64.0,SF,2024,4.49,,130.0,,,31.25,9.125,37.5,74.75,63.8,64.9,,62.6,,,,,4.28,
39363,00-0039363,GUE547677,,Isaac Guerendo,RB,4500,SF,2025,72,221,2000-06-28,25.175,Louisville,Atlantic Coast Conference,2,31,4,Undrafted,129.0,SF,2024,4.33,,129.0,4.15,6.94,30.75,9.25,41.5,74.875,95.3,80.0,,69.0,,,17.0,,,
39375,00-0039375,NEW717321,,Josh Newton,CB,920,CIN,2025,71,190,2000-09-14,24.964,TCU,Big Twelve Conference,2,28,5,Undrafted,149.0,CIN,2024,4.51,15.0,124.0,4.15,7.01,31.125,9.25,34.0,74.25,66.3,69.6,,66.0,,,,,,
39435,00-0039435,BET334096,,Tatum Bethune,LB,4500,SF,2025,72,230,2001-02-19,24.531,Florida State,Atlantic Coast Conference,2,48,7,Undrafted,251.0,SF,2024,,16.0,,,,32.375,10.0,,78.25,63.8,63.8,,64.3,4.75,7.03,19.0,115.0,4.35,30.5
39893,00-0039893,THO419793,,Brian Thomas Jr.,WR,2250,JAX,2025,74,209,2002-10-08,22.899,LSU,Southeastern Conference,2,7,1,Undrafted,23.0,JAX,2024,4.33,11.0,126.0,,,32.75,9.75,38.5,79.625,91.2,87.4,,82.0,,,,,,
39894,00-0039894,WOR741496,,Xavier Worthy,WR,2310,KC,2025,71,165,2003-04-27,22.348,Texas,Big Twelve Conference,2,1,1,Undrafted,28.0,KC,2024,4.21,,131.0,,,31.125,8.75,41.0,74.25,89.8,84.7,,78.5,,,,130.0,,
39908,00-0039908,JEN339534,,Kris Jenkins,DL,920,CIN,2025,75,310,2001-10-10,23.893,Michigan,Big Ten Conference,2,90,2,Undrafted,49.0,CIN,2024,4.91,29.0,115.0,4.78,,34.0,9.375,30.0,79.125,76.0,71.7,,73.4,,,,,4.63,
39339,00-0039339,FUA229226,,Taliese Fuaga,OT,3300,NO,2025,78,324,2002-04-05,23.408,Oregon State,Pacific Twelve Conference,2,75,1,Undrafted,14.0,NO,2024,5.13,,111.0,,,33.125,10.125,32.0,80.625,82.8,82.8,,78.3,,,,,,
39356,00-0039356,SAN343203,,Ja'Tavion Sanders,TE,750,CAR,2025,76,252,2003-03-27,22.433,Texas,Big Twelve Conference,2,0,4,Undrafted,101.0,CAR,2024,4.69,,,4.32,,32.875,10.125,,78.25,64.1,77.9,,79.0,,,8.0,114.0,4.55,30.0
39391,00-0039391,VID103821,,Kimani Vidal,RB,4400,LAC,2025,68,215,2001-08-28,24.011,Troy,Sun Belt Conference,2,30,6,Undrafted,181.0,LAC,2024,4.46,18.0,120.0,4.15,7.01,30.375,9.375,37.5,73.25,88.5,76.4,,68.5,,,,,,
39424,00-0039424,VEL175757,,Devaughn Vele,WR,3300,NO,2025,77,210,1997-12-12,27.721,Utah,Pacific Twelve Conference,2,14,7,Undrafted,235.0,DEN,2024,4.47,,126.0,,,33.5,9.75,36.0,79.125,74.7,68.5,,59.5,,7.02,11.0,,4.33,
39731,00-0039731,LAT059109,,JC Latham,OT,2100,TEN,2025,78,342,2003-02-08,22.561,Alabama,Southeastern Conference,2,55,1,Undrafted,7.0,TEN,2024,,,,,,35.125,11.0,,84.375,67.6,79.2,,79.7,,,,,,
39739,00-0039739,WIL777750,,Roman Wilson,WR,3900,PIT,2025,70,186,2001-06-19,24.203,Michigan,Big Ten Conference,2,10,3,Undrafted,84.0,PIT,2024,4.39,12.0,,,,30.375,9.375,,72.5,77.9,77.1,,71.9,,6.89,,,4.07,
39754,00-0039754,CUL534924,,Devin Culp,TE,4900,TB,2025,76,237,2000-02-02,25.578,Washington,Pacific Twelve Conference,2,82,7,Undrafted,246.0,TB,2024,4.47,,,,,32.875,9.25,,78.5,78.3,67.2,,62.7,,7.28,,118.0,4.31,35.0
39809,00-0039809,ELL749388,,Jonah Elliss,LB,1400,DEN,2025,74,246,2003-04-03,22.413,Utah,Pacific Twelve Conference,2,52,3,Undrafted,76.0,DEN,2024,,,,,,33.0,10.5,,79.25,64.2,72.1,,80.7,,,,,,
39861,00-0039861,NUB415291,,Tyler Nubin,SAF,3410,NYG,2025,74,210,2001-06-14,24.216,Minnesota,Big Ten Conference,2,27,2,Undrafted,47.0,NYG,2024,,,,,,32.0,9.0,,77.5,56.8,72.8,,75.5,4.59,7.2,10.0,120.0,4.51,31.5
39889,00-0039889,SMI501138,,Maason Smith,DT,2250,JAX,2025,77,306,2002-10-13,22.885,LSU,Southeastern Conference,2,94,2,Undrafted,48.0,JAX,2024,5.01,,108.0,4.69,7.62,35.0,8.5,31.0,84.625,69.9,66.9,,65.0,,7.22,21.0,,4.64,
39901,00-0039901,COL295571,,Keon Coleman,WR,610,BUF,2025,76,215,2003-05-17,22.293,Florida State,Atlantic Coast Conference,2,0,2,Undrafted,33.0,BUF,2024,4.61,,127.0,,,32.125,9.375,38.0,78.125,74.6,78.0,,72.8,,,,,,
39920,00-0039920,COR399318,,Malachi Corley,WR,1050,CLE,2025,71,215,2002-03-21,23.449,Western Kentucky,Conference USA,2,83,3,Undrafted,65.0,NYJ,2024,,,,,,32.125,9.125,,76.625,73.5,79.5,,77.9,4.49,,,,4.22,
39338,00-0039338,BOW196560,,Brock Bowers,TE,2520,LV,2025,75,235,2002-12-13,22.718,Georgia,Southeastern Conference,2,89,1,Undrafted,13.0,LV,2024,,,,,,32.75,9.75,,78.25,72.2,85.5,,92.6,,,,,,
39347,00-0039347,WAL505176,,Trevin Wallace,LB,750,CAR,2025,73,244,2003-02-22,22.523,Kentucky,Southeastern Conference,2,32,3,Undrafted,72.0,CAR,2024,4.51,,127.0,,,32.625,9.125,37.5,79.125,84.7,74.4,,64.3,,,20.0,,,
39360,00-0039360,MUS701799,,Malik Mustapha,SAF,4500,SF,2025,70,206,2002-06-25,23.186,Wake Forest,Atlantic Coast Conference,2,6,4,Undrafted,124.0,SF,2024,,22.0,,,,30.125,9.0,,72.5,82.8,72.4,,65.6,4.54,,,126.0,,41.5
39792,00-0039792,WAL125280,,Devontez Walker,WR,325,BAL,2025,73,198,2001-06-19,24.203,North Carolina,Atlantic Coast Conference,2,81,4,Undrafted,113.0,BAL,2024,4.36,,134.0,,,33.25,9.125,40.5,79.125,83.9,81.8,,76.3,,,,,4.3,
39829,00-0039829,MUA504282,,Darius Muasau,LB,3410,NYG,2025,72,234,2001-02-10,24.556,UCLA,Pacific Twelve Conference,2,53,6,Undrafted,183.0,NYG,2024,4.7,,117.0,,,31.5,9.5,36.5,74.75,67.0,66.3,,68.7,4.71,7.23,,,4.41,
39849,00-0039849,HAR648677,,Marvin Harrison Jr.,WR,3800,ARI,2025,75,220,2002-08-11,23.057,Ohio State,Big Ten Conference,2,18,1,Undrafted,4.0,ARI,2024,,,,,,31.875,9.5,,77.25,75.6,89.6,,91.8,,,,,,
39864,00-0039864,TAY812808,,Dadrion Taylor-Demerson,DB,3800,ARI,2025,70,197,2001-01-20,24.613,Texas Tech,Big Twelve Conference,2,42,4,Undrafted,104.0,ARI,2024,4.41,,123.0,,,30.875,9.625,38.0,74.25,77.2,70.1,,68.2,,7.0,,,4.39,
39886,00-0039886,SWE036191,,T'Vondre Sweat,DT,2100,TEN,2025,76,366,2001-07-11,24.142,Texas,Big Twelve Conference,2,93,2,Undrafted,38.0,TEN,2024,5.27,,98.0,,,33.25,10.125,26.0,81.25,66.7,75.8,,78.4,,,,,,
39913,00-0039913,COL221902,,Brandon Coleman,G,5110,WAS,2025,78,320,2000-10-12,24.885,TCU,Big Twelve Conference,2,74,3,Undrafted,67.0,WAS,2024,4.99,,114.0,,,34.625,10.75,34.0,84.0,93.0,76.3,,66.3,,7.4,24.0,,4.62,
39919,00-0039919,ODU426541,,Rome Odunze,WR,810,CHI,2025,75,215,2002-06-03,23.246,Washington,Pacific Twelve Conference,2,15,1,Undrafted,9.0,CHI,2024,4.45,,124.0,4.03,6.88,32.25,9.25,39.0,76.75,89.3,94.2,,89.3,,,,,,
39237,00-0039237,SAM005636,,Nick Samac,C,750,CAR,2025,76,314,2001-08-21,24.03,Michigan State,Big Ten Conference,2,60,7,Undrafted,228.0,BAL,2024,,,,,,32.75,9.75,,79.0,71.8,62.1,,59.7,,,,,,
39348,00-0039348,BEE069507,,Cooper Beebe,G,1200,DAL,2025,76,330,2001-05-19,24.287,Kansas State,Big Twelve Conference,2,56,3,Undrafted,73.0,DAL,2024,5.03,20.0,109.0,4.61,7.44,31.5,9.25,27.5,78.125,93.9,85.4,,82.4,,,,,,
39364,00-0039364,VAK189231,,Sione Vaki,RB,1540,DET,2025,71,216,2001-07-30,24.09,Utah,Pacific Twelve Conference,2,33,4,Undrafted,132.0,DET,2024,4.62,20.0,125.0,,,29.125,8.625,39.5,72.125,65.7,60.0,,56.8,4.51,7.16,,,4.28,
39408,00-0039408,MAH399714,,Christian Mahogany,G,1540,DET,2025,75,327,2000-10-11,24.888,Boston College,Atlantic Coast Conference,2,73,6,Undrafted,210.0,DET,2024,5.13,,109.0,4.53,7.81,33.5,10.5,32.5,81.625,85.0,79.4,,71.3,,,,,,
39816,00-0039816,GOU228729,,Anthony Gould,WR,2200,IND,2025,68,174,2001-04-06,24.405,Oregon State,Pacific Twelve Conference,2,6,5,Undrafted,142.0,IND,2024,4.39,,129.0,4.16,,29.625,8.875,39.5,69.875,82.2,73.8,,61.8,,6.94,,,4.17,
39827,00-0039827,NOU415291,,Hunter Nourzad,C,2310,KC,2025,75,317,2000-11-26,24.762,Penn State,Big Ten Conference,2,60,5,Undrafted,159.0,KC,2024,,27.0,,,,33.125,10.75,,79.375,76.0,58.4,,54.9,,,,,,
39361,00-0039361,IRV731762,,Bucky Irving,RB,4900,TB,2025,70,194,2002-08-19,23.036,Oregon,Pacific Twelve Conference,2,7,4,Undrafted,125.0,TB,2024,4.55,,115.0,,,29.5,9.5,29.5,70.625,63.2,74.9,,78.6,,,15.0,,,31.5
39807,00-0039807,MEL610078,,Max Melton,CB,3800,ARI,2025,71,187,2002-04-15,23.381,Rutgers,Big Ten Conference,2,16,2,Undrafted,43.0,ARI,2024,4.39,,136.0,,,32.125,9.125,40.5,76.625,82.3,76.8,,71.5,,6.95,16.0,,4.29,
39823,00-0039823,JON275726,,Elijah Jones,CB,3800,ARI,2025,73,185,2000-01-08,25.646,Boston College,Atlantic Coast Conference,2,28,3,Undrafted,90.0,ARI,2024,4.44,,131.0,,,31.5,9.25,42.5,76.0,73.8,73.8,,70.8,,7.07,,,4.25,
39831,00-0039831,HAD230716,,Kamal Hadden,DB,1800,GB,2025,73,192,2001-01-17,24.621,Tennessee,Southeastern Conference,2,36,6,Undrafted,211.0,KC,2024,,,,,,30.875,8.5,,74.125,64.8,71.6,,72.6,4.57,7.15,,122.0,4.31,34.5
39840,00-0039840,BOO005373,,Austin Booker,DE,810,CHI,2025,78,245,2002-12-14,22.715,Kansas,Big Twelve Conference,2,94,5,Undrafted,144.0,CHI,2024,4.79,,120.0,,,33.875,9.25,32.5,81.375,51.5,68.1,,73.2,4.78,7.28,,,4.47,31.5
39874,00-0039874,WRI398099,,Jaylen Wright,RB,2700,MIA,2025,70,208,2003-04-01,22.419,Tennessee,Southeastern Conference,2,5,4,Undrafted,120.0,MIA,2024,4.38,,134.0,,,31.5,9.375,38.0,75.875,90.6,80.3,,70.8,,,,,,
39923,00-0039923,MCC189531,,J.J. McCarthy,QB,3000,MIN,2025,75,219,2003-01-20,22.613,Michigan,Big Ten Conference,2,9,1,Undrafted,10.0,MIN,2024,,,,4.23,6.82,31.625,9.0,,75.875,77.6,80.4,,81.4,,,,,,
39341,00-0039341,GUY734424,,Tyler Guyton,OT,1200,DAL,2025,79,322,2002-06-11,23.225,Oklahoma,Big Twelve Conference,2,60,1,Undrafted,29.0,DAL,2024,5.19,,107.0,4.71,7.5,34.125,10.25,34.5,82.25,83.1,80.6,,76.3,,,,,,
39354,00-0039354,JAC405131,,McKinnley Jackson,DT,920,CIN,2025,74,330,2001-12-26,23.682,Texas A&M,Southeastern Conference,2,93,3,Undrafted,97.0,CIN,2024,5.26,,106.0,,,33.875,10.0,23.0,80.25,55.7,61.7,,63.3,,7.89,24.0,,4.9,
39355,00-0039355,MCC038410,,Luke McCaffrey,WR,5110,WAS,2025,74,195,2001-04-02,24.416,Rice,American Athletic Conference,2,11,3,Undrafted,100.0,WAS,2024,4.46,,121.0,4.02,6.7,30.125,9.625,36.0,74.5,77.9,73.8,,70.0,,,,,,
39359,00-0039359,STO763332,,Cade Stover,TE,2120,HOU,2025,76,251,2000-06-12,25.219,Ohio State,Big Ten Conference,2,87,4,Undrafted,123.0,HOU,2024,4.65,,117.0,4.45,,32.75,9.75,34.5,77.25,77.0,74.8,,66.9,,,,,,
39372,00-0039372,BRO827589,,Jarvis Brownlee Jr.,DB,3430,NYJ,2025,70,194,2001-07-13,24.137,Louisville,Atlantic Coast Conference,2,29,5,Undrafted,146.0,TEN,2024,,,,,,31.25,9.0,,75.25,58.9,66.6,,69.5,4.51,6.94,,118.0,4.25,31.5
39376,00-0039376,RAT689214,,Spencer Rattler,QB,3300,NO,2025,72,211,2000-09-28,24.926,South Carolina,Southeastern Conference,2,2,5,Undrafted,150.0,NO,2024,4.95,,108.0,4.37,7.21,31.0,9.875,32.0,74.75,62.0,71.7,,73.9,,,,,,
39379,00-0039379,THR048621,,Jamari Thrash,WR,1050,CLE,2025,72,190,2000-12-19,24.699,Louisville,Atlantic Coast Conference,2,80,5,Undrafted,156.0,CLE,2024,4.46,,120.0,,7.16,31.0,8.625,34.0,74.5,67.6,72.2,,73.2,,,,,,
39752,00-0039752,JOH103362,,Cedric Johnson,DE,920,CIN,2025,75,264,2002-09-06,22.986,Mississippi,Southeastern Conference,2,52,6,Undrafted,214.0,CIN,2024,4.63,25.0,122.0,,,33.5,9.875,38.0,79.375,80.3,68.5,,61.7,,7.45,,,4.36,
39895,00-0039895,HAL648337,,Mike Hall Jr.,DT,1050,CLE,2025,75,300,2003-06-13,22.219,Ohio State,Big Ten Conference,2,51,2,Undrafted,54.0,CLE,2024,,,,,,33.5,10.0,,81.125,82.5,70.6,,68.3,4.75,,24.0,111.0,,33.0
39916,00-0039916,PEA307677,,Ricky Pearsall,WR,4500,SF,2025,73,189,2000-09-09,24.978,Florida,Southeastern Conference,2,1,1,Undrafted,31.0,SF,2024,4.41,17.0,129.0,4.05,6.64,30.875,9.25,42.0,73.375,79.2,76.0,,69.5,,,,,,
39917,00-0039917,PEN238127,,Michael Penix Jr.,QB,200,ATL,2025,75,220,2000-05-08,25.315,Washington,Pacific Twelve Conference,2,9,1,Undrafted,8.0,ATL,2024,,,,,,33.625,10.5,,81.0,85.0,80.8,,79.6,4.58,,,125.0,,36.5
39387,00-0039387,CAR566002,,Caelen Carson,DB,1200,DAL,2025,72,198,2002-03-03,23.498,Wake Forest,Atlantic Coast Conference,2,21,5,Undrafted,174.0,DAL,2024,,,,,,31.375,8.25,,75.625,63.2,71.2,,68.8,4.52,,6.0,114.0,,35.5
39735,00-0039735,POW794167,,Jackson Powers-Johnson,C,2520,LV,2025,75,325,2003-01-23,22.605,Oregon,Pacific Twelve Conference,2,58,2,Undrafted,44.0,LV,2024,,30.0,104.0,,,32.25,9.875,32.0,78.5,78.4,84.0,,82.4,,,,,,
39839,00-0039839,HAY586893,,Christian Haynes,G,4600,SEA,2025,75,318,2000-04-13,25.383,Connecticut,Independent,2,64,3,Undrafted,81.0,SEA,2024,5.03,25.0,102.0,,,33.5,9.0,33.0,79.75,83.6,80.4,,76.7,,,,,,
39903,00-0039903,ARN739342,,Terrion Arnold,CB,1540,DET,2025,72,195,2003-03-22,22.446,Alabama,Southeastern Conference,2,6,1,Undrafted,24.0,DET,2024,4.5,,129.0,,,31.625,8.875,37.0,76.25,68.5,83.4,,87.0,4.53,6.69,,,4.24,35.5
39373,00-0039373,EST610772,,Audric Estimé,RB,3300,NO,2025,71,227,2003-09-06,21.986,Notre Dame,Independent,2,30,5,Undrafted,147.0,DEN,2024,4.71,23.0,125.0,,,32.375,10.25,38.0,76.5,62.4,75.9,,82.9,4.61,,,,,
39389,00-0039389,LEE445336,,Logan Lee,DT,3900,PIT,2025,77,286,2000-06-12,25.219,Iowa,Big Ten Conference,2,91,6,Undrafted,178.0,PIT,2024,5.05,25.0,114.0,4.37,7.16,32.25,10.25,31.5,78.875,79.4,67.6,,60.8,,,,,,
39817,00-0039817,MON229580,,Jacob Monk,C,1800,GB,2025,75,308,2001-06-04,24.244,Duke,Atlantic Coast Conference,2,62,5,Undrafted,163.0,GB,2024,5.09,,108.0,,,32.375,10.0,29.5,79.0,78.8,66.3,,58.6,,,31.0,,,
39828,00-0039828,ROU504348,,Walter Rouse,OL,3000,MIN,2025,78,330,2001-03-09,24.482,Oklahoma,Big Twelve Conference,2,73,6,Undrafted,177.0,MIN,2024,,,,,,35.125,10.125,,83.75,69.6,65.1,,57.2,5.25,7.89,,110.0,4.83,33.0
39900,00-0039900,KNE426541,,Marshawn Kneeland,DE,1200,DAL,2025,75,268,2001-07-08,24.151,Western Michigan,Mid-American Conference,2,94,2,Undrafted,56.0,DAL,2024,4.75,21.0,119.0,4.18,7.02,34.5,9.125,35.5,83.375,83.5,75.2,,69.7,,,,,,
39910,00-0039910,DAN567618,,Jayden Daniels,QB,5110,WAS,2025,76,210,2000-12-18,24.702,LSU,Southeastern Conference,2,5,1,Undrafted,2.0,WAS,2024,,,,,,32.5,9.375,,76.75,82.3,89.8,,95.0,,,,,,
39884,00-0039884,WAS731428,,Tahj Washington,WR,2700,MIA,2025,70,175,2001-05-16,24.296,USC,Pacific Twelve Conference,2,84,7,Undrafted,241.0,MIA,2024,,,122.0,,,29.125,8.375,35.0,70.0,62.3,65.0,,69.3,4.52,6.84,,123.0,4.22,34.5
39897,00-0039897,ALT138430,,Joe Alt,OT,4400,LAC,2025,80,322,2003-02-28,22.507,Notre Dame,Independent,2,76,1,Undrafted,5.0,LAC,2024,5.05,27.0,112.0,4.51,7.31,34.25,10.0,28.0,82.75,97.5,95.1,,86.5,,,,,,
39350,00-0039350,ZIN615024,,Zak Zinter,G,1050,CLE,2025,78,310,2001-04-17,24.375,Michigan,Big Ten Conference,2,70,3,Undrafted,85.0,CLE,2024,,,,,,33.5,9.375,,81.125,72.7,76.2,,73.6,,,,,,
39414,00-0039414,ANT111455,,Daijahn Anthony,SAF,920,CIN,2025,72,200,2000-09-09,24.978,Mississippi,Southeastern Conference,2,33,7,Undrafted,224.0,CIN,2024,4.55,,116.0,,,32.5,9.0,37.0,76.375,71.8,68.7,,63.0,4.53,6.89,10.0,120.0,4.19,
39426,00-0039426,LEE475389,,Matt Lee,C,920,CIN,2025,76,310,2001-06-06,24.238,Miami,Atlantic Coast Conference,2,65,7,Undrafted,237.0,CIN,2024,5.03,,111.0,,,32.125,9.25,31.0,78.625,69.0,69.4,,72.5,,7.97,25.0,,4.69,
39753,00-0039753,LIM523267,,Beaux Limmer,G,2510,LAR,2025,77,312,2001-06-10,24.227,Arkansas,Southeastern Conference,2,50,6,Undrafted,217.0,LAR,2024,5.22,39.0,110.0,4.57,7.47,31.875,9.5,36.5,77.875,80.1,73.8,,70.7,,,,,,
39824,00-0039824,WIL054234,,Jared Wiley,TE,2310,KC,2025,78,249,2000-11-02,24.828,TCU,Big Twelve Conference,2,12,4,Undrafted,131.0,KC,2024,4.62,,118.0,,7.19,33.25,9.5,37.0,79.25,75.3,71.3,,64.1,,7.38,,,4.52,
39337,00-0039337,NAB400459,,Malik Nabers,WR,3410,NYG,2025,72,200,2003-07-28,22.096,LSU,Southeastern Conference,2,1,1,Undrafted,6.0,NYG,2024,,,,,,31.375,9.875,,76.125,81.5,93.0,,92.6,4.38,,15.0,129.0,,42.0
39367,00-0039367,THO410701,,Xavier Thomas,LB,3800,ARI,2025,74,250,1999-12-20,25.699,Clemson,Atlantic Coast Conference,2,54,5,Undrafted,138.0,ARI,2024,4.62,26.0,120.0,,,32.875,9.125,32.5,78.25,63.4,64.4,,63.3,4.56,,,,,
39398,00-0039398,MIL818788,,Joe Milton III,QB,1200,DAL,2025,77,246,2000-03-06,25.487,Tennessee,Southeastern Conference,2,10,6,Undrafted,193.0,NE,2024,,,121.0,,,33.375,10.25,35.0,80.0,80.3,72.2,,66.0,4.62,,,,,
39405,00-0039405,JOR314292,,Jawhar Jordan,RB,2120,HOU,2025,70,186,1999-08-18,26.038,Louisville,Atlantic Coast Conference,2,26,6,Undrafted,205.0,HOU,2024,4.56,,,,,30.125,8.5,,71.0,64.1,59.4,,71.5,,7.0,12.0,123.0,4.52,
39737,00-0039737,REI577302,,Tip Reiman,TE,3800,ARI,2025,77,271,2001-09-17,23.956,Illinois,Big Ten Conference,2,87,3,Undrafted,82.0,ARI,2024,4.64,28.0,121.0,4.26,7.02,32.875,10.5,33.5,79.5,95.1,74.2,,57.4,,,,,,
39794,00-0039794,ALL063734,,Braelon Allen,RB,3430,NYJ,2025,73,235,2004-01-20,21.613,Wisconsin,Big Ten Conference,2,0,4,Undrafted,134.0,NYJ,2024,,26.0,117.0,,,31.25,9.25,32.0,76.25,72.2,74.2,,68.7,,,,,,
39855,00-0039855,MCM472299,,Jalen McMillan,WR,4900,TB,2025,73,192,2001-12-07,23.734,Washington,Pacific Twelve Conference,2,11,3,Undrafted,92.0,TB,2024,4.47,,127.0,4.18,6.94,32.125,10.0,37.0,77.375,76.2,73.7,,68.5,,,,,,
39863,00-0039863,WAL422259,,Caedan Wallace,OL,3200,NE,2025,77,314,2000-04-18,25.37,Penn State,Big Ten Conference,2,70,3,Undrafted,68.0,NE,2024,5.15,,116.0,,,34.0,10.75,31.0,82.625,80.7,71.0,,62.7,,7.73,,,4.96,
39921,00-0039921,BEN649191,,Trey Benson,RB,3800,ARI,2025,72,220,2002-07-23,23.11,Florida State,Atlantic Coast Conference,2,33,3,Undrafted,66.0,ARI,2024,4.39,,122.0,,,31.5,9.25,33.5,76.375,86.1,81.5,,76.3,,,23.0,,,
39377,00-0039377,CAR106062,,Jaylon Carlies,LB,2200,IND,2025,75,227,2001-09-13,23.967,Missouri,Southeastern Conference,2,57,5,Undrafted,151.0,IND,2024,4.5,20.0,125.0,,,34.25,10.0,32.5,80.625,73.5,70.1,,66.6,,7.03,22.0,123.0,4.46,34.5
39400,00-0039400,LOG824407,,Zion Logue,DT,610,BUF,2025,78,325,2001-07-13,24.137,Georgia,Southeastern Conference,2,93,6,Undrafted,197.0,ATL,2024,5.14,,109.0,4.92,,33.5,10.0,29.0,80.25,54.9,55.5,,53.7,,7.85,17.0,,4.83,24.5
39402,00-0039402,CRU236813,,Jaden Crumedy,DT,750,CAR,2025,76,309,2000-07-30,25.088,Mississippi State,Southeastern Conference,2,96,6,Undrafted,200.0,CAR,2024,4.97,,105.0,4.66,,33.0,10.5,29.5,77.5,60.2,60.0,,58.4,,7.7,14.0,,4.56,30.0
39412,00-0039412,JEA410228,,Javontae Jean-Baptiste,DE,5110,WAS,2025,76,260,2000-05-16,25.293,Notre Dame,Independent,2,90,7,Undrafted,222.0,WAS,2024,4.66,,127.0,,,33.75,10.0,34.5,80.5,63.8,59.8,,62.5,,,,,,
39833,00-0039833,HAN641526,,C.J. Hanson,G,2310,KC,2025,77,300,2001-03-03,24.498,Holy Cross,Patriot League,2,61,7,Undrafted,248.0,KC,2024,5.0,,115.0,,,32.375,9.375,33.5,78.375,72.8,67.9,,69.0,,7.9,25.0,,4.71,
39836,00-0039836,JAC055625,,Brennan Jackson,LB,2520,LV,2025,76,263,2000-10-14,24.88,Washington State,Pacific Twelve Conference,2,54,5,Undrafted,154.0,LAR,2024,4.69,21.0,114.0,,,32.75,9.75,33.5,78.75,71.7,69.3,,69.3,,7.43,26.0,,4.34,
39877,00-0039877,KAM316529,,Mohamed Kamara,LB,4900,TB,2025,73,253,2000-06-09,25.227,Colorado State,Mountain West Conference,2,59,5,Undrafted,158.0,MIA,2024,4.57,23.0,123.0,,,32.375,8.625,34.5,78.5,74.2,73.9,,80.0,,7.34,,,4.49,
39310,00-0039310,KEE304546,,Trevor Keegan,G,1200,DAL,2025,77,306,2000-08-30,25.003,Michigan,Big Ten Conference,2,76,5,Undrafted,172.0,PHI,2024,5.24,,107.0,,,32.375,10.0,30.5,78.375,72.2,68.2,,62.6,,7.72,,,4.81,
39382,00-0039382,JON162388,,Christian Jones,OT,3800,ARI,2025,77,305,2000-05-12,25.304,Texas,Big Twelve Conference,2,75,5,Undrafted,162.0,ARI,2024,5.04,20.0,,4.78,8.09,34.5,10.625,,83.625,72.3,68.2,,65.8,,8.0,,,4.75,
39396,00-0039396,WIN280067,,Mekhi Wingo,DT,1540,DET,2025,72,288,2003-04-17,22.375,LSU,Southeastern Conference,2,94,6,Undrafted,189.0,DET,2024,4.85,25.0,109.0,,,32.0,9.25,31.5,77.875,84.4,73.9,,69.8,,7.33,28.0,,4.45,
39743,00-0039743,JEF262504,,Jordan Jefferson,DT,920,CIN,2025,74,316,2001-09-24,23.937,LSU,Southeastern Conference,2,94,4,Undrafted,116.0,JAX,2024,,34.0,104.0,,,33.125,9.875,31.0,79.25,76.2,67.4,,60.3,5.08,,,,,
39832,00-0039832,KIN700686,,Jarrett Kingston,G,2120,HOU,2025,76,308,1999-12-02,25.748,USC,Big Ten Conference,2,63,6,Undrafted,215.0,SF,2024,5.02,32.0,111.0,4.47,7.53,32.125,9.75,31.5,78.125,89.4,70.5,,62.5,,,36.0,,,
39239,00-0039239,KIN552601,,Kalen King,CB,750,CAR,2025,71,190,2003-01-28,22.591,Penn State,Big Ten Conference,2,25,7,Undrafted,255.0,GB,2024,4.61,,122.0,4.16,,30.875,8.75,37.0,74.25,65.7,68.5,,62.3,4.55,,,,4.13,
39800,00-0039800,JAM173361,,DJ James,CB,3200,NE,2025,72,184,2001-03-05,24.493,Auburn,Southeastern Conference,2,30,6,Undrafted,192.0,SEA,2024,4.42,,,,,31.0,8.375,,72.375,68.4,73.8,,72.2,,7.28,,126.0,4.41,
39878,00-0039878,ULO415291,,Edefuan Ulofoshio,LB,1050,CLE,2025,73,239,2000-01-23,25.605,Washington,Pacific Twelve Conference,2,54,5,Undrafted,160.0,BUF,2024,4.56,,128.0,,,32.875,9.25,39.5,79.625,75.7,75.0,,71.7,,7.69,21.0,,4.33,
39882,00-0039882,GRA027444,,Tylan Grable,OT,610,BUF,2025,77,313,1999-10-04,25.91,UCF,Big Twelve Conference,2,68,6,Undrafted,204.0,BUF,2024,4.95,,117.0,,,33.625,10.125,36.5,80.625,83.4,68.1,,53.7,,,,,,
39383,00-0039383,SIM531085,,Jaylin Simpson,CB,1800,GB,2025,72,179,2000-05-17,25.29,Auburn,Southeastern Conference,2,38,5,Undrafted,164.0,IND,2024,4.45,,133.0,,,32.375,9.875,39.5,76.625,73.5,65.7,,59.4,,7.03,,,4.55,40.0
39415,00-0039415,RIC069213,,Brenden Rice,WR,4400,LAC,2025,75,210,2002-03-18,23.457,USC,Pacific Twelve Conference,2,82,7,Undrafted,225.0,LAC,2024,4.5,13.0,119.0,,,33.0,9.625,36.5,78.0,69.1,74.4,,73.4,,6.95,,,4.45,
39378,00-0039378,PRI482851,,Deantre Prince,CB,2250,JAX,2025,72,183,2000-10-12,24.885,Mississippi,Southeastern Conference,2,24,5,Undrafted,153.0,JAX,2024,4.38,,125.0,,,30.75,8.5,34.5,73.75,71.2,65.7,,64.2,,7.46,12.0,,,37.5
39385,00-0039385,ROB592180,,Keilan Robinson,RB,3700,PHI,2025,68,191,2000-02-16,25.539,Texas,Big Twelve Conference,2,,5,Undrafted,167.0,JAX,2024,4.42,,125.0,,,30.625,9.625,33.0,73.375,77.1,61.4,,60.3,,,20.0,,4.3,
39392,00-0039392,JAC241006,,Jha'Quan Jackson,WR,2100,TEN,2025,69,188,2000-05-15,25.296,Tulane,American Athletic Conference,2,19,6,Undrafted,182.0,TEN,2024,4.42,12.0,118.0,,,30.875,8.875,32.0,74.875,71.1,69.0,,62.8,,,,,,
39399,00-0039399,MCL010607,,Tanner McLachlan,TE,920,CIN,2025,77,245,1999-03-15,26.465,Arizona,Big Twelve Conference,2,84,6,Undrafted,194.0,CIN,2024,4.61,,117.0,,,31.625,9.375,35.0,77.25,74.3,69.3,,64.1,,7.38,20.0,118.0,4.58,
39420,00-0039420,BEL377608,,Jaheim Bell,TE,3200,NE,2025,74,241,2001-06-14,24.216,Florida State,Atlantic Coast Conference,2,88,7,Undrafted,231.0,NE,2024,4.61,,124.0,,,33.0,10.0,35.0,78.75,81.4,73.0,,66.8,,,,,,
39425,00-0039425,COL153169,,Myles Cole,DE,2250,JAX,2025,78,278,2000-04-29,25.339,Texas Tech,Big Twelve Conference,2,59,7,Undrafted,236.0,JAX,2024,4.67,,120.0,,,36.875,9.875,35.0,86.25,73.7,66.2,,55.0,,7.73,20.0,,4.72,
39427,00-0039427,BYR594327,,Solomon Byrd,DE,2120,HOU,2025,75,250,1999-12-01,25.751,USC,Pacific Twelve Conference,2,50,7,Undrafted,238.0,HOU,2024,,,,,,33.625,9.75,,79.875,51.0,54.6,,65.5,5.01,7.52,18.0,114.0,4.59,32.0
39428,00-0039428,EZI415291,,Josiah Ezirim,OT,3300,NO,2025,78,329,2001-05-21,24.282,Eastern Kentucky,United Athletic Conference,2,72,7,Undrafted,239.0,NOR,2024,,28.0,,,,35.75,10.75,,85.125,84.0,71.1,,64.0,5.15,,,113.0,,29.5
39433,00-0039433,HAR474674,,Marcus Harris,DT,610,BUF,2025,75,295,2000-09-27,24.929,Auburn,Southeastern Conference,2,72,7,Undrafted,247.0,HOU,2024,5.06,27.0,103.0,,,32.0,9.625,29.5,78.25,62.9,64.0,,66.4,,7.78,34.0,,4.69,
39437,00-0039437,JOH139638,,Cornelius Johnson,WR,1800,GB,2025,75,212,2000-11-29,24.754,Michigan,Big Ten Conference,2,84,7,Undrafted,253.0,LAC,2024,4.44,,127.0,,,31.875,8.625,37.5,77.25,81.7,71.9,,58.5,,6.93,13.0,,4.37,
39742,00-0039742,FOS422601,,Javon Foster,OT,2250,JAX,2025,77,313,2000-03-31,25.419,Missouri,Southeastern Conference,2,62,4,Undrafted,114.0,JAX,2024,5.3,,106.0,,,34.625,9.625,32.5,83.375,69.0,71.3,,70.3,,7.7,18.0,105.0,4.93,
39747,00-0039747,SMI024570,,Ainias Smith,WR,3700,PHI,2025,69,176,2001-05-31,24.255,Texas A&M,Southeastern Conference,2,82,5,Undrafted,152.0,PHI,2024,,21.0,,,,29.0,8.5,,70.25,61.7,64.5,,65.4,4.55,6.84,,,4.26,
39799,00-0039799,LAU559563,,Sataoa Laumea,OT,4600,SEA,2025,76,319,2001-01-13,24.632,Utah,Pacific Twelve Conference,2,63,6,Undrafted,179.0,SEA,2024,,26.0,104.0,,,32.875,9.875,26.0,80.75,76.9,72.0,,60.4,,,,,,
39801,00-0039801,LEA595129,,Devin Leary,QB,325,BAL,2025,73,215,1999-09-10,25.975,Kentucky,Southeastern Conference,2,13,6,Undrafted,218.0,BAL,2024,,,,,,30.875,9.5,,74.375,70.6,68.0,,61.9,,,,,,
39802,00-0039802,KEY114787,,Jaylen Key,SAF,920,CIN,2025,74,210,2000-02-29,25.504,Alabama,Southeastern Conference,2,43,7,Undrafted,257.0,NYJ,2024,4.6,,130.0,,,32.25,9.625,36.5,78.5,71.4,62.3,,57.0,4.6,7.2,,,4.09,32.0
39853,00-0039853,BAK232522,,Javon Baker,WR,3200,NE,2025,73,202,2002-02-18,23.534,UCF,Big Twelve Conference,2,6,4,Undrafted,110.0,NWE,2024,4.54,,121.0,,,32.25,9.625,37.0,78.25,67.7,74.1,,73.8,,,,,,
39873,00-0039873,CAR644270,,DeWayne Carter,DT,610,BUF,2025,74,305,2000-12-10,24.723,Duke,Atlantic Coast Conference,2,90,3,Undrafted,95.0,BUF,2024,4.99,,109.0,4.75,7.95,33.0,10.25,32.0,79.125,68.4,65.8,,66.4,,,24.0,,,
39881,00-0039881,MCM691571,,Patrick McMorris,SAF,2700,MIA,2025,72,206,2001-10-18,23.871,California,Pacific Twelve Conference,2,32,6,Undrafted,198.0,MIA,2024,,14.0,112.0,,,31.875,9.75,31.0,77.125,55.6,62.5,,63.9,,7.09,,119.0,4.28,32.5
39883,00-0039883,HAR090900,,Daequan Hardy,CB,610,BUF,2025,69,178,2001-06-13,24.219,Penn State,Big Ten Conference,2,25,6,Undrafted,219.0,BUF,2024,4.38,,126.0,,,30.0,8.125,42.5,70.875,75.2,64.5,,56.6,,7.06,15.0,,4.2,
39887,00-0039887,ROB617155,,Layden Robinson,G,3200,NE,2025,75,311,2001-05-03,24.331,Texas A&M,Southeastern Conference,2,64,4,Undrafted,103.0,NE,2024,,,111.0,,,34.625,10.5,26.5,81.5,68.2,64.8,,62.6,5.09,7.75,,,4.75,
39434,00-0039434,HEN114173,,LaDarius Henderson,OT,2120,HOU,2025,76,309,2001-12-11,23.723,Michigan,Big Ten Conference,2,73,7,Undrafted,249.0,HOU,2024,,20.0,,,,35.0,10.625,,84.75,59.8,53.8,,53.2,,8.15,22.0,,4.72,
39429,00-0039429,BAR644416,,Michael Barrett,LB,2520,LV,2025,71,232,1999-12-14,25.715,Michigan,Big Ten Conference,2,43,7,Undrafted,240.0,CAR,2024,,,,,,32.125,8.5,,78.0,63.0,63.4,,61.6,4.7,,,,4.55,31.0
39236,00-0039236,WIL733437,,Johnny Wilson,WR,3700,PHI,2025,78,228,2001-04-03,24.413,Florida State,Atlantic Coast Conference,2,89,6,Undrafted,185.0,PHI,2024,4.52,,128.0,4.11,,35.375,10.0,37.0,84.5,85.0,75.0,,65.5,,,,,,
39406,00-0039406,WAT471746,,Nathaniel Watson,LB,1050,CLE,2025,72,233,2000-09-01,25.0,Mississippi State,Southeastern Conference,2,40,6,Undrafted,206.0,CLE,2024,4.63,,111.0,,,32.875,9.875,31.0,81.0,60.4,63.9,,65.5,,7.34,16.0,109.0,4.44,
39418,00-0039418,DEV732066,,MJ Devonshire,DB,325,BAL,2025,71,186,2000-09-12,24.97,Pittsburgh,Atlantic Coast Conference,2,36,7,Undrafted,229.0,LV,2024,4.45,,124.0,4.35,7.12,32.875,8.75,38.5,78.75,67.6,67.8,,66.2,,7.0,10.0,,4.31,
39438,00-0039438,GAR215720,,Nick Gargiulo,OL,1400,DEN,2025,77,327,2000-07-19,25.118,South Carolina,Southeastern Conference,2,66,7,Undrafted,256.0,DEN,2024,5.25,28.0,101.0,,7.33,33.875,10.375,32.5,81.25,84.4,69.8,,59.8,,,,,4.65,
39791,00-0039791,ISA069215,,Adisa Isaac,LB,325,BAL,2025,76,254,2001-10-04,23.91,Penn State,Big Ten Conference,2,50,3,Undrafted,93.0,BAL,2024,4.74,,123.0,,,33.875,9.625,34.5,81.0,72.0,72.6,,74.3,,7.01,20.0,,4.33,
39822,00-0039822,AME283781,,Kiran Amegadjie,OT,810,CHI,2025,77,326,2002-02-01,23.58,Yale,Ivy League,2,72,3,Undrafted,75.0,CHI,2024,,,,,,36.125,9.625,,85.5,70.5,74.7,,74.9,,,21.0,,,
39837,00-0039837,TRI034508,,Bralen Trice,LB,200,ATL,2025,76,274,2001-02-26,24.512,Washington,Pacific Twelve Conference,2,48,3,Undrafted,74.0,ATL,2024,4.72,,,,,32.5,9.0,,77.625,58.9,68.2,,70.7,,7.2,20.0,115.0,4.19,32.0
39810,00-0039810,BUR768791,,Jermaine Burton,WR,920,CIN,2025,72,204,2001-06-28,24.178,Alabama,Southeastern Conference,2,81,3,Undrafted,80.0,CIN,2024,4.45,,133.0,,,31.0,9.875,38.5,74.875,80.0,78.1,,72.3,,,,124.0,,
39432,00-0039432,ROG442916,,Justin Rogers,DT,3700,PHI,2025,75,325,2000-09-12,24.97,Auburn,Southeastern Conference,2,75,7,Undrafted,244.0,DAL,2024,,21.0,99.0,4.87,,33.0,10.125,24.5,79.0,51.0,55.5,,55.1,5.53,8.17,,101.0,,26.0
39381,00-0039381,HAM712740,,Dominique Hampton,SAF,5110,WAS,2025,75,220,2000-07-25,25.101,Washington,Pacific Twelve Conference,2,45,5,Undrafted,161.0,WAS,2024,4.51,,122.0,4.14,6.83,33.25,10.0,39.0,79.875,84.2,68.7,,55.5,4.45,,20.0,,4.18,
39386,00-0039386,MEA763692,,Bub Means,WR,3300,NO,2025,74,215,2001-01-10,24.641,Pittsburgh,Atlantic Coast Conference,2,16,5,Undrafted,170.0,NO,2024,4.43,19.0,122.0,,,33.25,10.125,39.5,79.375,79.1,71.5,,62.0,,,,,4.4,
39393,00-0039393,MCC381205,,Jase McClellan,RB,4900,TB,2025,71,212,2002-06-25,23.186,Alabama,Southeastern Conference,2,39,6,Undrafted,186.0,ATL,2024,,20.0,,,,31.125,10.25,,75.5,71.8,71.3,,71.3,,,,,,
39811,00-0039811,LLO673464,,MarShawn Lloyd,RB,1800,GB,2025,69,220,2001-01-05,24.654,USC,Pacific Twelve Conference,2,32,3,Undrafted,88.0,GB,2024,4.46,25.0,118.0,,,30.375,8.75,36.0,73.625,84.2,79.1,,74.5,,,,,,
39862,00-0039862,RAK373762,,Ennis Rakestraw Jr.,CB,1540,DET,2025,71,188,2002-06-05,23.241,Missouri,Southeastern Conference,2,9,2,Undrafted,61.0,DET,2024,4.51,,120.0,,,32.0,8.5,,75.625,57.2,70.6,,71.9,4.56,,13.0,,4.38,
39907,00-0039907,POL136646,,Ja'Lynn Polk,WR,3200,NE,2025,73,203,2002-04-11,23.392,Washington,Pacific Twelve Conference,2,1,2,Undrafted,37.0,NE,2024,4.52,,129.0,,,31.75,9.75,37.5,74.5,78.4,78.5,,73.1,,,,,,
39404,00-0039404,REI037913,,Will Reichard,K,3000,MIN,2025,73,190,2001-01-09,24.643,Alabama,Southeastern Conference,2,16,6,Undrafted,203.0,MIN,2024,,,,,,31.0,8.5,,73.625,,,,,,,,,,
39409,00-0039409,LIT228870,,Cam Little,K,2250,JAX,2025,73,172,2003-08-17,22.041,Arkansas,Southeastern Conference,2,39,6,Undrafted,212.0,JAX,2024,,,,,,30.5,9.25,,73.625,,,,,,,,,,
39423,00-0039423,LAU559338,,Jonah Laulu,DT,2520,LV,2025,77,289,2000-06-30,25.17,Oklahoma,Big Twelve Conference,2,96,7,Undrafted,234.0,IND,2024,,,,,,,,,,,,,,,,,,,
39431,00-0039431,BRI147008,,Jowon Briggs,DE,3430,NYJ,2025,73,313,2001-09-01,24.0,Cincinnati,Big Twelve Conference,2,91,7,Undrafted,243.0,CLE,2024,,,,,,,,,,,,,,,,,,,
39745,00-0039745,TAY752367,,Tory Taylor,P,810,CHI,2025,76,223,1997-07-10,28.145,Iowa,Big Ten Conference,2,19,4,Undrafted,122.0,CHI,2024,,,,,,32.125,9.0,,79.0,,,,,,,,,,
39421,00-0039421,ROD676244,,Levi Drake Rodriguez,DL,3000,MIN,2025,74,307,2000-08-04,25.074,East Texas A&M,Southland Conference,2,50,7,Undrafted,232.0,MIN,2024,,,,,,,,,,,,,,,,,,,
39419,00-0039419,JUR111238,,Michael Jurgens,C,3000,MIN,2025,76,311,2000-01-01,25.665,Wake Forest,Atlantic Coast Conference,2,65,7,Undrafted,230.0,MIN,2024,,,,,,,,,,,,,,,,,,,
39789,00-0039789,STI351543,,Qwan'tez Stiggers,DB,3430,NYJ,2025,72,197,2002-01-08,23.646,,NO COLLEGE,2,37,5,Undrafted,176.0,NYJ,2024,,,,,,,,,,,,,,,,,,,
39395,00-0039395,HIL346674,,Jamal Hill,LB,2120,HOU,2025,72,226,2001-04-01,24.419,Oregon,Pacific Twelve Conference,2,56,6,Undrafted,188.0,HOU,2024,,,,,,,,,,,,,,,,,,,
39411,00-0039411,KLE242574,,Elijah Klein,G,4900,TB,2025,76,319,2000-04-08,25.397,Texas-El Paso,Conference USA,2,79,6,Undrafted,220.0,TB,2024,,,,,,,,,,,,,,,,,,,
39235,00-0039235,KAN323004,,Sanoussi Kane,SAF,2100,TEN,2025,71,210,2001-10-06,23.904,Purdue,Big Ten Conference,2,42,7,Undrafted,250.0,BAL,2024,,,,,,,,,,,,,,,,,,,
39750,00-0039750,KAR737693,,Joshua Karty,K,2510,LAR,2025,74,208,2002-03-07,23.487,Stanford,Pacific Twelve Conference,2,16,6,Undrafted,209.0,LAR,2024,,,,,,31.5,9.125,,76.375,,,,,,,,,,
39394,00-0039394,WAS075963,,Casey Washington,WR,200,ATL,2025,72,205,2001-03-06,24.49,Illinois,Big Ten Conference,2,82,6,Undrafted,187.0,ATL,2024,,,,,,,,,,,,,,,,,,,
39362,00-0039362,MAN729913,,Giovanni Manu,OL,1540,DET,2025,79,350,2001-01-26,24.597,University of British Columbia,Canada West Universities Athletic Association,2,59,4,Undrafted,126.0,DET,2024,,,,,,,,,,,,,,,,,,,
39401,00-0039401,BOY229168,,Khristian Boyd,DT,3300,NO,2025,74,320,2000-02-23,25.52,Northern Iowa,Missouri Valley Football Conference,2,97,6,Undrafted,199.0,NO,2024,,,,,,,,,,,,,,,,,,,
39416,00-0039416,DAV419291,,Jaden Davis,DB,3800,ARI,2025,70,182,2001-07-18,24.123,Miami,Atlantic Coast Conference,2,26,7,Undrafted,226.0,ARI,2024,,,,,,,,,,,,,,,,,,,
39397,00-0039397,PAL661865,,Tejhaun Palmer,WR,3800,ARI,2025,74,210,2000-05-19,25.285,UAB,American Athletic Conference,2,83,6,Undrafted,191.0,ARI,2024,,,,,,,,,,,,,,,,,,,
39842,00-0039842,JER477236,,Michael Jerrell,OT,200,ATL,2025,77,309,1999-08-18,26.038,Findlay,Great Lakes Intercollegiate Athletic Conference,2,72,6,Undrafted,207.0,SEA,2024,,,,,,,,,,,,,,,,,,,
39413,00-0039413,TAY759571,,Trey Taylor,SAF,2520,LV,2025,72,205,2001-01-30,24.586,Air Force,Mountain West Conference,2,37,7,Undrafted,223.0,LVR,2024,,,,,,,,,,,,,,,,,,,
39403,00-0039403,ABR073130,,Micah Abraham,DB,1400,DEN,2025,71,185,2000-12-11,24.721,Marshall,Sun Belt Conference,2,,6,Undrafted,201.0,IND,2024,,,,,,,,,,,,,,,,,,,
39930,00-0039930,CLA826931,,Travis Clayton,OT,610,BUF,2025,79,301,2001-02-17,24.537,,NO COLLEGE,2,67,7,Undrafted,221.0,BUF,2024,,,,,,,,,,,,,,,,,,,
39346,00-0039346,COL777167,,Junior Colson,LB,4400,LAC,2025,75,247,2002-12-06,22.737,Michigan,Big Ten Conference,2,25,3,Undrafted,69.0,LAC,2024,,,,,,32.5,9.375,,77.5,72.7,75.7,,71.1,,,,,,
39232,00-0039232,WIG187116,,Nate Wiggins,CB,325,BAL,2024,73,182,2003-08-28,21.014,Clemson,Atlantic Coast Conference,1,2,1,Undrafted,30.0,BAL,2024,4.28,,127.0,,,,,36.0,,,,,,,,,,,
39233,00-0039233,ROS412039,,Roger Rosengarten,OT,325,BAL,2024,77,316,2002-06-03,22.249,Washington,Pacific Twelve Conference,1,70,2,Undrafted,62.0,BAL,2024,4.92,,113.0,4.6,,,,30.0,,,,,,,,,,,
39234,00-0039234,TAM523098,,T.J. Tampa,CB,325,BAL,2024,73,199,2002-03-13,22.474,Iowa State,Big Twelve Conference,1,27,4,Undrafted,130.0,BAL,2024,,,,,,,,,,,,,,,,,,,
39235,00-0039235,KAN323004,,Sanoussi Kane,SAF,325,BAL,2024,71,210,2001-10-06,22.907,Purdue,Big Ten Conference,1,28,7,Undrafted,250.0,BAL,2024,,,,,,,,,,,,,,,,,,,
39236,00-0039236,WIL733437,,Johnny Wilson,WR,3700,PHI,2024,78,228,2001-04-03,23.416,Florida State,Atlantic Coast Conference,1,89,6,Undrafted,185.0,PHI,2024,4.52,,128.0,4.11,,,,37.0,,,,,,,,,,,
39237,00-0039237,SAM005636,,Nick Samac,C,325,BAL,2024,76,314,2001-08-21,23.033,Michigan State,Big Ten Conference,1,61,7,Undrafted,228.0,BAL,2024,,,,,,,,,,,,,,,,,,,
39238,00-0039238,PRA655305,,Michael Pratt,QB,1800,GB,2024,74,217,2001-09-30,22.921,Tulane,American Athletic Conference,1,,7,Undrafted,245.0,GNB,2024,,,114.0,4.23,7.2,,,36.0,,,,,,,,,,,
39239,00-0039239,KIN552601,,Kalen King,CB,1800,GB,2024,71,190,2003-01-28,21.594,Penn State,Big Ten Conference,1,34,7,Undrafted,255.0,GB,2024,4.61,,122.0,4.16,,,,37.0,,,,,,,,,,,
39309,00-0039309,MUR526628,,Byron Murphy II,DT,4600,SEA,2024,72,306,2002-09-08,21.981,Texas,Big Twelve Conference,1,91,1,Undrafted,16.0,SEA,2024,4.87,28.0,111.0,,,,,33.0,,,,,,,,,,,
39310,00-0039310,KEE304546,,Trevor Keegan,G,3700,PHI,2024,77,306,2000-08-30,24.005,Michigan,Big Ten Conference,1,79,5,Undrafted,172.0,PHI,2024,5.24,,107.0,,,,,30.5,,,,,,,,,,,
39337,00-0039337,NAB400459,,Malik Nabers,WR,3410,NYG,2024,72,200,2003-07-28,21.099,LSU,Southeastern Conference,1,1,1,Undrafted,6.0,NYG,2024,,,,,,,,,,,,,,,,,,,
39338,00-0039338,BOW196560,,Brock Bowers,TE,2520,LV,2024,75,235,2002-12-13,21.721,Georgia,Southeastern Conference,1,89,1,Undrafted,13.0,LV,2024,,,,,,,,,,,,,,,,,,,
39339,00-0039339,FUA229226,,Taliese Fuaga,OT,3300,NO,2024,78,324,2002-04-05,22.411,Oregon State,Pacific Twelve Conference,1,75,1,Undrafted,14.0,NO,2024,5.13,,111.0,,,,,32.0,,,,,,,,,,,
39340,00-0039340,LAT726759,,Laiatu Latu,DE,2200,IND,2024,77,265,2000-12-31,23.669,UCLA,Pacific Twelve Conference,1,97,1,Undrafted,15.0,IND,2024,4.64,,116.0,,,,,32.0,,,,,,,,,,,
39341,00-0039341,GUY734424,,Tyler Guyton,OT,1200,DAL,2024,79,322,2002-06-11,22.227,Oklahoma,Big Twelve Conference,1,60,1,Undrafted,29.0,DAL,2024,5.19,,107.0,4.71,7.5,,,34.5,,,,,,,,,,,
39342,00-0039342,LEG145351,,Xavier Legette,WR,750,CAR,2024,75,227,2001-01-29,23.591,South Carolina,Southeastern Conference,1,17,1,Undrafted,32.0,CAR,2024,4.39,,126.0,,,,,40.0,,,,,,,,,,,
39343,00-0039343,LAS641535,,Kamari Lassiter,CB,2120,HOU,2024,72,180,2003-01-23,21.608,Georgia,Southeastern Conference,1,4,2,Undrafted,42.0,HOU,2024,,,,4.12,6.62,,,,,,,,,,,,,,
39344,00-0039344,BRO131669,,Jonathon Brooks,RB,750,CAR,2024,72,207,2003-07-21,21.118,Texas,Big Twelve Conference,1,24,2,Undrafted,46.0,CAR,2024,,,,,,,,,,,,,,,,,,,
39345,00-0039345,GRE331722,,Renardo Green,CB,4500,SF,2024,72,186,2000-11-09,23.811,Florida State,Atlantic Coast Conference,1,0,2,Undrafted,64.0,SF,2024,4.49,,130.0,,,,,37.5,,,,,,,,,,,
39346,00-0039346,COL777167,,Junior Colson,LB,4400,LAC,2024,75,247,2002-12-06,21.74,Michigan,Big Ten Conference,1,25,3,Undrafted,69.0,LAC,2024,,,,,,,,,,,,,,,,,,,
39347,00-0039347,WAL505176,,Trevin Wallace,LB,750,CAR,2024,73,244,2003-02-22,21.526,Kentucky,Southeastern Conference,1,56,3,Undrafted,72.0,CAR,2024,4.51,,127.0,,,,,37.5,,,,,,,,,,,
39348,00-0039348,BEE069507,,Cooper Beebe,C,1200,DAL,2024,76,330,2001-05-19,23.29,Kansas State,Big Twelve Conference,1,56,3,Undrafted,73.0,DAL,2024,5.03,,109.0,4.61,7.44,,,27.5,,,,,,,,,,,
39349,00-0039349,GLA761060,,DJ Glaze,OT,2520,LV,2024,76,331,2002-08-04,22.079,Maryland,Big Ten Conference,1,71,3,Undrafted,77.0,LV,2024,5.21,,104.0,,,,,25.5,,,,,,,,,,,
39350,00-0039350,ZIN615024,,Zak Zinter,G,1050,CLE,2024,78,310,2001-04-17,23.378,Michigan,Big Ten Conference,1,70,3,Undrafted,85.0,CLE,2024,,,,,,,,,,,,,,,,,,,
39351,00-0039351,PUN141154,,Dominick Puni,OT,4500,SF,2024,77,313,2000-02-24,24.52,Kansas,Big Twelve Conference,1,77,3,Undrafted,86.0,SF,2024,5.35,,107.0,4.4,7.47,,,30.0,,,,,,,,,,,
39352,00-0039352,LIU098197,,Marist Liufau,LB,1200,DAL,2024,74,239,2001-02-09,23.561,Notre Dame,Independent,1,35,3,Undrafted,87.0,DAL,2024,4.64,,,,,,,,,,,,,,,,,,
39353,00-0039353,JON448826,,Jarrian Jones,CB,2250,JAX,2024,71,190,2001-05-08,23.32,Florida State,Atlantic Coast Conference,1,22,3,Undrafted,96.0,JAX,2024,4.38,,129.0,,,,,39.5,,,,,,,,,,,
39354,00-0039354,JAC405131,,McKinnley Jackson,DT,920,CIN,2024,74,330,2001-12-26,22.685,Texas A&M,Southeastern Conference,1,93,3,Undrafted,97.0,CIN,2024,5.26,,106.0,,,,,23.0,,,,,,,,,,,
39355,00-0039355,MCC038410,,Luke McCaffrey,WR,5110,WAS,2024,74,195,2001-04-02,23.419,Rice,American Athletic Conference,1,12,3,Undrafted,100.0,WAS,2024,4.46,,121.0,4.02,6.7,,,36.0,,,,,,,,,,,
39356,00-0039356,SAN343203,,Ja'Tavion Sanders,TE,750,CAR,2024,76,252,2003-03-27,21.435,Texas,Big Twelve Conference,1,0,4,Undrafted,101.0,CAR,2024,4.69,,,4.32,,,,,,,,,,,,,,,
39357,00-0039357,RIC408250,,Decamerion Richardson,CB,2520,LV,2024,74,192,2001-03-16,23.465,Mississippi State,Southeastern Conference,1,25,4,Undrafted,112.0,LV,2024,4.34,,128.0,,,,,35.0,,,,,,,,,,,
39358,00-0039358,MCC592977,,Mason McCormick,G,3900,PIT,2024,77,315,2000-05-25,24.271,South Dakota State,Missouri Valley Football Conference,1,66,4,Undrafted,119.0,PIT,2024,5.08,,117.0,4.45,7.59,,,35.5,,,,,,,,,,,
39359,00-0039359,STO763332,,Cade Stover,TE,2120,HOU,2024,76,251,2000-06-12,24.222,Ohio State,Big Ten Conference,1,87,4,Undrafted,123.0,HOU,2024,4.65,,117.0,4.45,,,,34.5,,,,,,,,,,,
39360,00-0039360,MUS701799,,Malik Mustapha,SAF,4500,SF,2024,70,206,2002-06-25,22.189,Wake Forest,Atlantic Coast Conference,1,6,4,Undrafted,124.0,SF,2024,,22.0,,,,,,,,,,,,,,,,,
39361,00-0039361,IRV731762,,Bucky Irving,RB,4900,TB,2024,70,194,2002-08-19,22.038,Oregon,Pacific Twelve Conference,1,7,4,Undrafted,125.0,TB,2024,4.55,,115.0,,,,,29.5,,,,,,,,,,,
39362,00-0039362,MAN729913,,Giovanni Manu,OL,1540,DET,2024,79,350,2001-01-26,23.6,University of British Columbia,Canada West Universities Athletic Association,1,59,4,Undrafted,126.0,DET,2024,,,,,,,,,,,,,,,,,,,
39363,00-0039363,GUE547677,,Isaac Guerendo,RB,4500,SF,2024,72,221,2000-06-28,24.178,Louisville,Atlantic Coast Conference,1,31,4,Undrafted,129.0,SF,2024,4.33,,129.0,4.15,6.94,,,41.5,,,,,,,,,,,
39364,00-0039364,VAK189231,,Sione Vaki,RB,1540,DET,2024,71,216,2001-07-30,23.093,Utah,Pacific Twelve Conference,1,33,4,Undrafted,132.0,DET,2024,4.62,20.0,125.0,,,,,39.5,,,,,,,,,,,
39365,00-0039365,COW532087,,Jacob Cowing,WR,4500,SF,2024,69,170,2001-02-04,23.575,Arizona,Pacific Twelve Conference,1,19,4,Undrafted,135.0,SF,2024,4.38,,119.0,4.32,7.02,,,36.0,,,,,,,,,,,
39366,00-0039366,STI398856,,Tarheeb Still,CB,4400,LAC,2024,73,196,2002-06-09,22.233,Maryland,Big Ten Conference,1,29,5,Undrafted,137.0,LAC,2024,4.52,,120.0,,,,,38.0,,,,,,,,,,,
39367,00-0039367,THO410701,,Xavier Thomas,LB,3800,ARI,2024,74,250,1999-12-20,24.702,Clemson,Atlantic Coast Conference,1,54,5,Undrafted,138.0,ARI,2024,4.62,26.0,120.0,,,,,32.5,,,,,,,,,,,
39368,00-0039368,MAG257251,,Jordan Magee,LB,5110,WAS,2024,75,226,2001-03-24,23.444,Temple,American Athletic Conference,1,58,5,Undrafted,139.0,WAS,2024,4.55,,124.0,,,,,35.5,,,,,,,,,,,
39369,00-0039369,HAR659973,,Cam Hart,CB,4400,LAC,2024,74,207,2000-12-05,23.74,Notre Dame,Independent,1,20,5,Undrafted,140.0,LAC,2024,4.5,11.0,130.0,4.24,7.12,,,39.5,,,,,,,,,,,
39370,00-0039370,BER779588,,JD Bertrand,LB,200,ATL,2024,73,230,2000-05-05,24.326,Notre Dame,Independent,1,40,5,Undrafted,143.0,ATL,2024,,20.0,,,,,,,,,,,,,,,,,
39371,00-0039371,ABR462444,,Kris Abrams-Draine,CB,1400,DEN,2024,71,178,2001-10-04,22.912,Missouri,Southeastern Conference,1,31,5,Undrafted,145.0,DEN,2024,4.44,,,,,,,33.5,,,,,,,,,,,
39372,00-0039372,BRO827589,,Jarvis Brownlee Jr.,CB,2100,TEN,2024,70,194,2001-07-13,23.14,Louisville,Atlantic Coast Conference,1,29,5,Undrafted,146.0,TEN,2024,,,,,,,,,,,,,,,,,,,
39373,00-0039373,EST610772,,Audric Estimé,RB,1400,DEN,2024,71,227,2003-09-06,20.986,Notre Dame,Independent,1,23,5,Undrafted,147.0,DEN,2024,4.71,23.0,125.0,,,,,38.0,,,,,,,,,,,
39374,00-0039374,EIC311468,,Tommy Eichenberg,LB,2520,LV,2024,74,233,2001-01-11,23.641,Ohio State,Big Ten Conference,1,45,5,Undrafted,148.0,LV,2024,,,116.0,4.24,,,,32.5,,,,,,,,,,,
39375,00-0039375,NEW717321,,Josh Newton,CB,920,CIN,2024,71,190,2000-09-14,23.964,TCU,Big Twelve Conference,1,28,5,Undrafted,149.0,CIN,2024,4.51,15.0,124.0,4.15,,,,34.0,,,,,,,,,,,
39376,00-0039376,RAT689214,,Spencer Rattler,QB,3300,NO,2024,72,211,2000-09-28,23.926,South Carolina,Southeastern Conference,1,18,5,Undrafted,150.0,NO,2024,4.95,,108.0,4.37,7.21,,,32.0,,,,,,,,,,,
39377,00-0039377,CAR106062,,Jaylon Carlies,LB,2200,IND,2024,75,227,2001-09-13,22.967,Missouri,Southeastern Conference,1,57,5,Undrafted,151.0,IND,2024,4.5,20.0,125.0,,,,,32.5,,,,,,,,,,,
39378,00-0039378,PRI482851,,Deantre Prince,CB,2250,JAX,2024,72,183,2000-10-12,23.888,Mississippi,Southeastern Conference,1,24,5,Undrafted,153.0,JAX,2024,4.38,,125.0,,,,,34.5,,,,,,,,,,,
39379,00-0039379,THR048621,,Jamari Thrash,WR,1050,CLE,2024,72,190,2000-12-19,23.702,Louisville,Atlantic Coast Conference,1,80,5,Undrafted,156.0,CLE,2024,4.46,,120.0,,7.16,,,34.0,,,,,,,,,,,
39380,00-0039380,SMI830146,,Chau Smith-Wade,CB,750,CAR,2024,71,176,2002-09-17,21.956,Washington State,Pacific Twelve Conference,1,26,5,Undrafted,157.0,CAR,2024,4.54,18.0,125.0,4.32,7.05,,,34.5,,,,,,,,,,,
39381,00-0039381,HAM712740,,Dominique Hampton,SAF,5110,WAS,2024,75,220,2000-07-25,24.104,Washington,Pacific Twelve Conference,1,45,5,Undrafted,161.0,WAS,2024,4.51,,122.0,4.14,6.83,,,39.0,,,,,,,,,,,
39382,00-0039382,JON162388,,Christian Jones,OT,3800,ARI,2024,77,305,2000-05-12,24.307,Texas,Big Twelve Conference,1,75,5,Undrafted,162.0,ARI,2024,5.04,,,4.78,8.09,,,,,,,,,,,,,,
39383,00-0039383,SIM531085,,Jaylin Simpson,CB,2200,IND,2024,72,179,2000-05-17,24.293,Auburn,Southeastern Conference,1,30,5,Undrafted,164.0,IND,2024,4.45,,133.0,,,,,39.5,,,,,,,,,,,
39384,00-0039384,TRA116277,,Tyrone Tracy Jr.,RB,3410,NYG,2024,71,210,1999-11-23,24.775,Purdue,Big Ten Conference,1,29,5,Undrafted,166.0,NYG,2024,4.48,,124.0,4.06,6.81,,,40.0,,,,,,,,,,,
39385,00-0039385,ROB592180,,Keilan Robinson,RB,2250,JAX,2024,68,191,2000-02-16,24.542,Texas,Big Twelve Conference,1,31,5,Undrafted,167.0,JAX,2024,4.42,,125.0,,,,,33.0,,,,,,,,,,,
39386,00-0039386,MEA763692,,Bub Means,WR,3300,NO,2024,74,215,2001-01-10,23.643,Pittsburgh,Atlantic Coast Conference,1,16,5,Undrafted,170.0,NO,2024,4.43,19.0,122.0,,,,,39.5,,,,,,,,,,,
39387,00-0039387,CAR566002,,Caelen Carson,CB,1200,DAL,2024,72,198,2002-03-03,22.501,Wake Forest,Atlantic Coast Conference,1,21,5,Undrafted,174.0,DAL,2024,,,,,,,,,,,,,,,,,,,
39388,00-0039388,FOR229985,,Jaylan Ford,LB,3300,NO,2024,74,240,2001-11-28,22.762,Texas,Big Twelve Conference,1,53,5,Undrafted,175.0,NO,2024,,,121.0,,,,,33.5,,,,,,,,,,,
39389,00-0039389,LEE445336,,Logan Lee,DT,3900,PIT,2024,77,286,2000-06-12,24.222,Iowa,Big Ten Conference,1,,6,Undrafted,178.0,PIT,2024,5.05,25.0,114.0,4.37,7.16,,,31.5,,,,,,,,,,,
39390,00-0039390,DIA317841,,Marcellas Dial Jr.,CB,3200,NE,2024,72,190,2000-12-06,23.737,South Carolina,Southeastern Conference,1,27,6,Undrafted,180.0,NE,2024,4.46,,129.0,,,,,40.5,,,,,,,,,,,
39391,00-0039391,VID103821,,Kimani Vidal,RB,4400,LAC,2024,68,215,2001-08-28,23.014,Troy,Sun Belt Conference,1,30,6,Undrafted,181.0,LAC,2024,4.46,18.0,120.0,4.15,7.01,,,37.5,,,,,,,,,,,
39392,00-0039392,JAC241006,,Jha'Quan Jackson,WR,2100,TEN,2024,69,188,2000-05-15,24.298,Tulane,American Athletic Conference,1,19,6,Undrafted,182.0,TEN,2024,4.42,12.0,118.0,,,,,32.0,,,,,,,,,,,
39393,00-0039393,MCC381205,,Jase McClellan,RB,200,ATL,2024,71,212,2002-06-25,22.189,Alabama,Southeastern Conference,1,30,6,Undrafted,186.0,ATL,2024,,20.0,,,,,,,,,,,,,,,,,
39394,00-0039394,WAS075963,,Casey Washington,WR,200,ATL,2024,72,205,2001-03-06,23.493,Illinois,Big Ten Conference,1,82,6,Undrafted,187.0,ATL,2024,,,,,,,,,,,,,,,,,,,
39395,00-0039395,HIL346674,,Jamal Hill,LB,2120,HOU,2024,72,226,2001-04-01,23.422,Oregon,Pacific Twelve Conference,1,56,6,Undrafted,188.0,HOU,2024,,,,,,,,,,,,,,,,,,,
39396,00-0039396,WIN280067,,Mekhi Wingo,DT,1540,DET,2024,72,288,2003-04-17,21.378,LSU,Southeastern Conference,1,94,6,Undrafted,189.0,DET,2024,4.85,25.0,109.0,,,,,31.5,,,,,,,,,,,
39397,00-0039397,PAL661865,,Tejhaun Palmer,WR,3800,ARI,2024,74,210,2000-05-19,24.287,UAB,American Athletic Conference,1,83,6,Undrafted,191.0,ARI,2024,,,,,,,,,,,,,,,,,,,
39398,00-0039398,MIL818788,,Joe Milton III,QB,3200,NE,2024,77,246,2000-03-06,24.49,Tennessee,Southeastern Conference,1,19,6,Undrafted,193.0,NE,2024,,,121.0,,,,,35.0,,,,,,,,,,,
39399,00-0039399,MCL010607,,Tanner McLachlan,TE,920,CIN,2024,77,245,1999-03-15,25.468,Arizona,Big Twelve Conference,1,84,6,Undrafted,194.0,CIN,2024,4.61,,117.0,,,,,35.0,,,,,,,,,,,
39400,00-0039400,LOG824407,,Zion Logue,DT,610,BUF,2024,78,325,2001-07-13,23.14,Georgia,Southeastern Conference,1,97,6,Undrafted,197.0,ATL,2024,5.14,,109.0,4.92,,,,29.0,,,,,,,,,,,
39401,00-0039401,BOY229168,,Khristian Boyd,DT,3300,NO,2024,74,320,2000-02-23,24.523,Northern Iowa,Missouri Valley Football Conference,1,97,6,Undrafted,199.0,NO,2024,,,,,,,,,,,,,,,,,,,
39402,00-0039402,CRU236813,,Jaden Crumedy,DT,750,CAR,2024,76,309,2000-07-30,24.09,Mississippi State,Southeastern Conference,1,96,6,Undrafted,200.0,CAR,2024,4.97,,105.0,4.66,,,,29.5,,,,,,,,,,,
39403,00-0039403,ABR073130,,Micah Abraham,DB,2200,IND,2024,71,185,2000-12-11,23.723,Marshall,Sun Belt Conference,1,33,6,Undrafted,201.0,IND,2024,,,,,,,,,,,,,,,,,,,
39404,00-0039404,REI037913,,Will Reichard,K,3000,MIN,2024,73,190,2001-01-09,23.646,Alabama,Southeastern Conference,1,16,6,Undrafted,203.0,MIN,2024,,,,,,,,,,,,,,,,,,,
39405,00-0039405,JOR314292,,Jawhar Jordan,RB,2120,HOU,2024,70,186,1999-08-18,25.041,Louisville,Atlantic Coast Conference,1,42,6,Undrafted,205.0,HOU,2024,4.56,,,,,,,,,,,,,,,,,,
39406,00-0039406,WAT471746,,Nathaniel Watson,LB,1050,CLE,2024,72,233,2000-09-01,24.0,Mississippi State,Southeastern Conference,1,40,6,Undrafted,206.0,CLE,2024,4.63,,111.0,,,,,31.0,,,,,,,,,,,
39407,00-0039407,LAU037491,,Dylan Laube,RB,2520,LV,2024,69,204,1999-12-14,24.718,New Hampshire,Colonial Athletic Association,1,23,6,Undrafted,208.0,LV,2024,4.54,23.0,118.0,4.02,6.84,,,37.0,,,,,,,,,,,
39408,00-0039408,MAH399714,,Christian Mahogany,G,1540,DET,2024,75,327,2000-10-11,23.89,Boston College,Atlantic Coast Conference,1,73,6,Undrafted,210.0,DET,2024,5.13,,109.0,4.53,7.81,,,32.5,,,,,,,,,,,
39409,00-0039409,LIT228870,,Cam Little,K,2250,JAX,2024,73,172,2003-08-17,21.044,Arkansas,Southeastern Conference,1,39,6,Undrafted,212.0,JAX,2024,,,,,,,,,,,,,,,,,,,
39410,00-0039410,FLO245061,,Ryan Flournoy,WR,1200,DAL,2024,73,205,1999-10-27,24.849,Southeast Missouri State,Big South - Ohio Valley Conference,1,80,6,Undrafted,216.0,DAL,2024,4.44,19.0,132.0,,,,,39.5,,,,,,,,,,,
39411,00-0039411,KLE242574,,Elijah Klein,G,4900,TB,2024,76,319,2000-04-08,24.4,Texas-El Paso,Conference USA,1,79,6,Undrafted,220.0,TB,2024,,,,,,,,,,,,,,,,,,,
39412,00-0039412,JEA410228,,Javontae Jean-Baptiste,DE,5110,WAS,2024,76,260,2000-05-16,24.296,Notre Dame,Independent,1,90,7,Undrafted,222.0,WAS,2024,4.66,,127.0,,,,,34.5,,,,,,,,,,,
39413,00-0039413,TAY759571,,Trey Taylor,SAF,2520,LV,2024,72,205,2001-01-30,23.589,Air Force,Mountain West Conference,1,37,7,Undrafted,223.0,LVR,2024,,,,,,,,,,,,,,,,,,,
39414,00-0039414,ANT111455,,Daijahn Anthony,SAF,920,CIN,2024,72,200,2000-09-09,23.978,Mississippi,Southeastern Conference,1,33,7,Undrafted,224.0,CIN,2024,4.55,,116.0,,,,,37.0,,,,,,,,,,,
39415,00-0039415,RIC069213,,Brenden Rice,WR,4400,LAC,2024,75,210,2002-03-18,22.46,USC,Pacific Twelve Conference,1,82,7,Undrafted,225.0,LAC,2024,4.5,13.0,119.0,,,,,36.5,,,,,,,,,,,
39416,00-0039416,DAV419291,,Jaden Davis,DB,3800,ARI,2024,70,182,2001-07-18,23.126,Miami,Atlantic Coast Conference,1,39,7,Undrafted,226.0,ARI,2024,,,,,,,,,,,,,,,,,,,
39417,00-0039417,HAR049297,,Myles Harden,CB,1050,CLE,2024,71,195,2001-12-13,22.721,South Dakota,Missouri Valley Football Conference,1,26,7,Undrafted,227.0,CLE,2024,4.5,13.0,118.0,3.98,6.88,,,35.5,,,,,,,,,,,
39418,00-0039418,DEV732066,,MJ Devonshire,DB,2520,LV,2024,71,186,2000-09-12,23.97,Pittsburgh,Atlantic Coast Conference,1,26,7,Undrafted,229.0,LV,2024,4.45,,124.0,4.35,7.12,,,38.5,,,,,,,,,,,
39419,00-0039419,JUR111238,,Michael Jurgens,G,3000,MIN,2024,76,311,2000-01-01,24.668,Wake Forest,Atlantic Coast Conference,1,65,7,Undrafted,230.0,MIN,2024,,,,,,,,,,,,,,,,,,,
39420,00-0039420,BEL377608,,Jaheim Bell,TE,3200,NE,2024,74,241,2001-06-14,23.219,Florida State,Atlantic Coast Conference,1,88,7,Undrafted,231.0,NE,2024,4.61,,124.0,,,,,35.0,,,,,,,,,,,
39421,00-0039421,ROD676244,,Levi Drake Rodriguez,DL,3000,MIN,2024,74,307,2000-08-04,24.077,Texas A&M-Commerce,Southland Conference,1,50,7,Undrafted,232.0,MIN,2024,,,,,,,,,,,,,,,,,,,
39423,00-0039423,LAU559338,,Jonah Laulu,DT,2520,LV,2024,77,289,2000-06-30,24.172,Oklahoma,Big Twelve Conference,1,96,7,Undrafted,234.0,IND,2024,,,,,,,,,,,,,,,,,,,
39424,00-0039424,VEL175757,,Devaughn Vele,WR,1400,DEN,2024,77,210,1997-12-12,26.723,Utah,Pacific Twelve Conference,1,17,7,Undrafted,235.0,DEN,2024,4.47,,126.0,,,,,36.0,,,,,,,,,,,
39425,00-0039425,COL153169,,Myles Cole,DE,2250,JAX,2024,78,278,2000-04-29,24.342,Texas Tech,Big Twelve Conference,1,59,7,Undrafted,236.0,JAX,2024,4.67,,120.0,,,,,35.0,,,,,,,,,,,
39426,00-0039426,LEE475389,,Matt Lee,C,920,CIN,2024,76,310,2001-06-06,23.241,Miami,Atlantic Coast Conference,1,62,7,Undrafted,237.0,CIN,2024,5.03,,111.0,,,,,31.0,,,,,,,,,,,
39427,00-0039427,BYR594327,,Solomon Byrd,DE,2120,HOU,2024,75,250,1999-12-01,24.754,USC,Pacific Twelve Conference,1,50,7,Undrafted,238.0,HOU,2024,,,,,,,,,,,,,,,,,,,
39428,00-0039428,EZI415291,,Josiah Ezirim,OT,3300,NO,2024,78,329,2001-05-21,23.285,Eastern Kentucky,United Athletic Conference,1,72,7,Undrafted,239.0,NOR,2024,,,,,,,,,,,,,,,,,,,
39429,00-0039429,BAR644416,,Michael Barrett,LB,4600,SEA,2024,71,232,1999-12-14,24.718,Michigan,Big Ten Conference,1,41,7,Undrafted,240.0,CAR,2024,,,,,,,,,,,,,,,,,,,
39430,00-0039430,WIL332566,,James Williams,LB,2100,TEN,2024,76,232,2003-02-15,21.545,Miami,Atlantic Coast Conference,1,52,7,Undrafted,242.0,TEN,2024,4.65,,117.0,,,,,30.0,,,,,,,,,,,
39431,00-0039431,BRI147008,,Jowon Briggs,DE,1050,CLE,2024,73,313,2001-09-01,23.0,Cincinnati,Big Twelve Conference,1,97,7,Undrafted,243.0,CLE,2024,,,,,,,,,,,,,,,,,,,
39432,00-0039432,ROG442916,,Justin Rogers,DT,1200,DAL,2024,75,325,2000-09-12,23.97,Auburn,Southeastern Conference,1,96,7,Undrafted,244.0,DAL,2024,,21.0,99.0,4.87,,,,24.5,,,,,,,,,,,
39433,00-0039433,HAR474674,,Marcus Harris,DT,2120,HOU,2024,75,295,2000-09-27,23.929,Auburn,Southeastern Conference,1,59,7,Undrafted,247.0,HOU,2024,5.06,27.0,103.0,,,,,29.5,,,,,,,,,,,
39435,00-0039435,BET334096,,Tatum Bethune,LB,4500,SF,2024,72,230,2001-02-19,23.534,Florida State,Atlantic Coast Conference,1,48,7,Undrafted,251.0,SF,2024,,16.0,,,,,,,,,,,,,,,,,
39436,00-0039436,HAR310353,,Jaylen Harrell,LB,2100,TEN,2024,76,247,2002-05-01,22.339,Michigan,Big Ten Conference,1,92,7,Undrafted,252.0,TEN,2024,,,118.0,,,,,37.0,,,,,,,,,,,
39437,00-0039437,JOH139638,,Cornelius Johnson,WR,4400,LAC,2024,75,212,2000-11-29,23.756,Michigan,Big Ten Conference,1,86,7,Undrafted,253.0,LAC,2024,4.44,,127.0,,,,,37.5,,,,,,,,,,,
39438,00-0039438,GAR215720,,Nick Gargiulo,G,1400,DEN,2024,77,327,2000-07-19,24.12,South Carolina,Southeastern Conference,1,66,7,Undrafted,256.0,DEN,2024,5.25,,101.0,,7.33,,,32.5,,,,,,,,,,,
39731,00-0039731,LAT059109,,JC Latham,OT,2100,TEN,2024,78,342,2003-02-08,21.564,Alabama,Southeastern Conference,1,55,1,Undrafted,7.0,TEN,2024,,,,,,,,,,,,,,,,,,,
39732,00-0039732,NIX118212,,Bo Nix,QB,1400,DEN,2024,74,217,2000-02-25,24.517,Oregon,Pacific Twelve Conference,1,10,1,Undrafted,12.0,DEN,2024,,,,,,,,,,,,,,,,,,,
39733,00-0039733,ORH415291,,Ruke Orhorhoro,DT,200,ATL,2024,76,294,2001-10-13,22.888,Clemson,Atlantic Coast Conference,1,98,2,Undrafted,35.0,ATL,2024,4.89,29.0,116.0,,,,,32.0,,,,,,,,,,,
39734,00-0039734,FIS731693,,Braden Fiske,DE,2510,LAR,2024,77,291,2000-01-18,24.621,Florida State,Atlantic Coast Conference,1,55,2,Undrafted,39.0,LAR,2024,4.78,26.0,117.0,4.37,,,,33.5,,,,,,,,,,,
39735,00-0039735,POW794167,,Jackson Powers-Johnson,G,2520,LV,2024,75,325,2003-01-23,21.608,Oregon,Pacific Twelve Conference,1,58,2,Undrafted,44.0,LV,2024,,,104.0,,,,,32.0,,,,,,,,,,,
39736,00-0039736,GON059327,,Matt Goncalves,OT,2200,IND,2024,78,317,2001-01-26,23.6,Pittsburgh,Atlantic Coast Conference,1,71,3,Undrafted,79.0,IND,2024,,,,,,,,,,,,,,,,,,,
39737,00-0039737,REI577302,,Tip Reiman,TE,3800,ARI,2024,77,271,2001-09-17,22.956,Illinois,Big Ten Conference,1,87,3,Undrafted,82.0,ARI,2024,4.64,28.0,121.0,4.26,7.02,,,33.5,,,,,,,,,,,
39738,00-0039738,COR783995,,Blake Corum,RB,2510,LAR,2024,68,210,2000-11-25,23.767,Michigan,Big Ten Conference,1,22,3,Undrafted,83.0,LAR,2024,4.53,27.0,,4.12,6.82,,,35.5,,,,,,,,,,,
39739,00-0039739,WIL777750,,Roman Wilson,WR,3900,PIT,2024,70,186,2001-06-19,23.205,Michigan,Big Ten Conference,1,10,3,Undrafted,84.0,PIT,2024,4.39,12.0,,,,,,,,,,,,,,,,,
39740,00-0039740,HUN249742,,Jalyx Hunt,LB,3700,PHI,2024,75,252,2001-03-13,23.474,Houston Christian University,Southland Conference,1,58,3,Undrafted,94.0,PHI,2024,4.64,19.0,128.0,,,,,37.5,,,,,,,,,,,
39741,00-0039741,WIL772747,,Payton Wilson,LB,3900,PIT,2024,76,242,2000-04-21,24.364,N.C. State,Atlantic Coast Conference,1,41,3,Undrafted,98.0,PIT,2024,4.43,,119.0,,,,,34.5,,,,,,,,,,,
39742,00-0039742,FOS422601,,Javon Foster,OT,2250,JAX,2024,77,313,2000-03-31,24.422,Missouri,Southeastern Conference,1,62,4,Undrafted,114.0,JAX,2024,5.3,,106.0,,,,,32.5,,,,,,,,,,,
39743,00-0039743,JEF262504,,Jordan Jefferson,DT,2250,JAX,2024,74,316,2001-09-24,22.937,LSU,Southeastern Conference,1,98,4,Undrafted,116.0,JAX,2024,,34.0,104.0,,,,,31.0,,,,,,,,,,,
39744,00-0039744,BOR657714,,Tanor Bortolini,C,2200,IND,2024,76,303,2002-06-17,22.211,Wisconsin,Big Ten Conference,1,60,4,Undrafted,117.0,IND,2024,4.94,,112.0,4.28,7.16,,,32.5,,,,,,,,,,,
39745,00-0039745,TAY752367,,Tory Taylor,P,810,CHI,2024,76,223,1997-07-10,27.148,Iowa,Big Ten Conference,1,19,4,Undrafted,122.0,CHI,2024,,,,,,,,,,,,,,,,,,,
39746,00-0039746,SHI386967,,Will Shipley,RB,3700,PHI,2024,71,210,2002-08-29,22.011,Clemson,Atlantic Coast Conference,1,28,4,Undrafted,127.0,PHI,2024,,,,,,,,,,,,,,,,,,,
39747,00-0039747,SMI024570,,Ainias Smith,WR,3700,PHI,2024,69,176,2001-05-31,23.257,Texas A&M,Southeastern Conference,1,82,5,Undrafted,152.0,PHI,2024,,21.0,,,,,,,,,,,,,,,,,
39748,00-0039748,WAT803030,,Ryan Watts,SS,3900,PIT,2024,75,206,2001-11-07,22.819,Texas,Big Twelve Conference,1,29,6,Undrafted,195.0,PIT,2024,4.53,,125.0,4.13,6.82,,,40.5,,,,,,,,,,,
39749,00-0039749,DAV781781,,Tyler Davis,DE,2510,LAR,2024,74,300,2000-11-01,23.833,Clemson,Atlantic Coast Conference,1,90,6,Undrafted,196.0,LAR,2024,5.02,29.0,108.0,5.0,,,,28.5,,,,,,,,,,,
39750,00-0039750,KAR737693,,Joshua Karty,K,2510,LAR,2024,74,208,2002-03-07,22.49,Stanford,Pacific Twelve Conference,1,16,6,Undrafted,209.0,LAR,2024,,,,,,,,,,,,,,,,,,,
39751,00-0039751,WHI807684,,Jordan Whittington,WR,2510,LAR,2024,73,202,2000-10-01,23.918,Texas,Big Twelve Conference,1,88,6,Undrafted,213.0,LAR,2024,,18.0,,,,,,,,,,,,,,,,,
39752,00-0039752,JOH103362,,Cedric Johnson,DE,920,CIN,2024,75,264,2002-09-06,21.986,Mississippi,Southeastern Conference,1,52,6,Undrafted,214.0,CIN,2024,4.63,25.0,122.0,,,,,38.0,,,,,,,,,,,
39753,00-0039753,LIM523267,,Beaux Limmer,G,2510,LAR,2024,77,312,2001-06-10,23.23,Arkansas,Southeastern Conference,1,50,6,Undrafted,217.0,LAR,2024,5.22,,110.0,4.57,7.47,,,36.5,,,,,,,,,,,
39754,00-0039754,CUL534924,,Devin Culp,TE,4900,TB,2024,76,237,2000-02-02,24.58,Washington,Pacific Twelve Conference,1,82,7,Undrafted,246.0,TB,2024,4.47,,,,,,,,,,,,,,,,,,
39789,00-0039789,STI351543,,Qwan'tez Stiggers,CB,3430,NYJ,2024,72,197,2002-01-08,22.649,,NO COLLEGE,1,37,5,Undrafted,176.0,NYJ,2024,,,,,,,,,,,,,,,,,,,
39790,00-0039790,FAS215841,,Olumuyiwa Fashanu,OT,3430,NYJ,2024,78,312,2002-12-09,21.732,Penn State,Big Ten Conference,1,74,1,Undrafted,11.0,NYJ,2024,5.11,,109.0,,,,,32.0,,,,,,,,,,,
39791,00-0039791,ISA069215,,Adisa Isaac,LB,325,BAL,2024,76,254,2001-10-04,22.912,Penn State,Big Ten Conference,1,50,3,Undrafted,93.0,BAL,2024,4.74,,123.0,,,,,34.5,,,,,,,,,,,
39792,00-0039792,WAL125280,,Devontez Walker,WR,325,BAL,2024,73,198,2001-06-19,23.205,North Carolina,Atlantic Coast Conference,1,81,4,Undrafted,113.0,BAL,2024,4.36,,134.0,,,,,40.5,,,,,,,,,,,
39793,00-0039793,BAR235889,,AJ Barner,TE,4600,SEA,2024,78,251,2002-05-03,22.334,Michigan,Big Ten Conference,1,88,4,Undrafted,121.0,SEA,2024,,,,,,,,,,,,,,,,,,,
39794,00-0039794,ALL063734,,Braelon Allen,RB,3430,NYJ,2024,73,235,2004-01-20,20.616,Wisconsin,Big Ten Conference,1,0,4,Undrafted,134.0,NYJ,2024,,26.0,117.0,,,,,32.0,,,,,,,,,,,
39795,00-0039795,PRI790475,,Nehemiah Pritchett,CB,4600,SEA,2024,72,188,2001-02-11,23.556,Auburn,Southeastern Conference,1,28,5,Undrafted,136.0,SEA,2024,4.36,,,,,,,34.5,,,,,,,,,,,
39796,00-0039796,ALI140900,,Rasheen Ali,RB,325,BAL,2024,71,210,2001-02-16,23.542,Marshall,Sun Belt Conference,1,26,5,Undrafted,165.0,BAL,2024,,,,,,,,,,,,,,,,,,,
39798,00-0039798,DAV410574,,Isaiah Davis,RB,3430,NYJ,2024,73,220,2002-02-21,22.528,South Dakota State,Missouri Valley Football Conference,1,32,5,Undrafted,173.0,NYJ,2024,4.57,23.0,119.0,,,,,34.5,,,,,,,,,,,
39799,00-0039799,LAU559563,,Sataoa Laumea,OT,4600,SEA,2024,76,319,2001-01-13,23.635,Utah,Pacific Twelve Conference,1,63,6,Undrafted,179.0,SEA,2024,,,104.0,,,,,26.0,,,,,,,,,,,
39800,00-0039800,JAM173361,,DJ James,CB,4600,SEA,2024,72,184,2001-03-05,23.496,Auburn,Southeastern Conference,1,29,6,Undrafted,192.0,SEA,2024,4.42,,,,,,,,,,,,,,,,,,
39801,00-0039801,LEA595129,,Devin Leary,QB,325,BAL,2024,73,215,1999-09-10,24.975,Kentucky,Southeastern Conference,1,13,6,Undrafted,218.0,BAL,2024,,,,,,,,,,,,,,,,,,,
39802,00-0039802,KEY114787,,Jaylen Key,SAF,3430,NYJ,2024,74,210,2000-02-29,24.507,Alabama,Southeastern Conference,1,33,7,Undrafted,257.0,NYJ,2024,4.6,,130.0,,,,,36.5,,,,,,,,,,,
39807,00-0039807,MEL610078,,Max Melton,CB,3800,ARI,2024,71,187,2002-04-15,22.383,Rutgers,Big Ten Conference,1,16,2,Undrafted,43.0,ARI,2024,4.39,,136.0,,,,,40.5,,,,,,,,,,,
39808,00-0039808,ADA373948,,Isaiah Adams,G,3800,ARI,2024,76,316,2000-07-21,24.115,Illinois,Big Ten Conference,1,74,3,Undrafted,71.0,ARI,2024,5.22,,102.0,4.73,7.77,,,24.5,,,,,,,,,,,
39809,00-0039809,ELL749388,,Jonah Elliss,LB,1400,DEN,2024,74,246,2003-04-03,21.416,Utah,Pacific Twelve Conference,1,52,3,Undrafted,76.0,DEN,2024,,,,,,,,,,,,,,,,,,,
39810,00-0039810,BUR768791,,Jermaine Burton,WR,920,CIN,2024,72,204,2001-06-28,23.181,Alabama,Southeastern Conference,1,81,3,Undrafted,80.0,CIN,2024,4.45,,133.0,,,,,38.5,,,,,,,,,,,
39811,00-0039811,LLO673464,,MarShawn Lloyd,RB,1800,GB,2024,69,220,2001-01-05,23.657,USC,Pacific Twelve Conference,1,32,3,Undrafted,88.0,GB,2024,4.46,25.0,118.0,,,,,36.0,,,,,,,,,,,
39812,00-0039812,HOP640560,,Ty'Ron Hopper,LB,1800,GB,2024,74,228,2001-04-26,23.353,Missouri,Southeastern Conference,1,59,3,Undrafted,91.0,GB,2024,,,,,,,,,,,,,,,,,,,
39813,00-0039813,WIL277058,,Evan Williams,SAF,1800,GB,2024,71,200,2001-07-28,23.099,Oregon,Pacific Twelve Conference,1,33,4,Undrafted,111.0,GB,2024,4.6,,126.0,,,,,40.5,,,,,,,,,,,
39814,00-0039814,ALL004828,,Erick All,TE,920,CIN,2024,77,255,2000-09-13,23.967,Iowa,Big Ten Conference,1,83,4,Undrafted,115.0,CIN,2024,,,,,,,,,,,,,,,,,,,
39815,00-0039815,KNI756662,,Tyrice Knight,LB,4600,SEA,2024,72,233,1999-12-20,24.702,Texas-El Paso,Conference USA,1,48,4,Undrafted,118.0,SEA,2024,4.63,21.0,119.0,4.4,7.25,,,34.5,,,,,,,,,,,
39816,00-0039816,GOU228729,,Anthony Gould,WR,2200,IND,2024,68,174,2001-04-06,23.408,Oregon State,Pacific Twelve Conference,1,6,5,Undrafted,142.0,IND,2024,4.39,,129.0,4.16,,,,39.5,,,,,,,,,,,
39817,00-0039817,MON229580,,Jacob Monk,C,1800,GB,2024,75,308,2001-06-04,23.246,Duke,Atlantic Coast Conference,1,62,5,Undrafted,163.0,GB,2024,5.09,,108.0,,,,,29.5,,,,,,,,,,,
39818,00-0039818,OLA083057,,Kitan Oladapo,SAF,1800,GB,2024,74,216,2000-10-10,23.893,Oregon State,Pacific Twelve Conference,1,27,5,Undrafted,169.0,GB,2024,4.58,15.0,117.0,,,,,36.0,,,,,,,,,,,
39819,00-0039819,GLO698900,,Travis Glover,OT,1800,GB,2024,78,317,2000-08-17,24.041,Georgia State,Sun Belt Conference,1,79,6,Undrafted,202.0,GB,2024,,,,,,,,,,,,,,,,,,,
39821,00-0039821,PHI113751,,Andru Phillips,CB,3410,NYG,2024,71,180,2001-11-30,22.756,Kentucky,Southeastern Conference,1,22,3,Undrafted,70.0,NYG,2024,4.48,,135.0,,,,,42.0,,,,,,,,,,,
39822,00-0039822,AME283781,,Kiran Amegadjie,OT,810,CHI,2024,77,326,2002-02-01,22.583,Yale,Ivy League,1,72,3,Undrafted,75.0,CHI,2024,,,,,,,,,,,,,,,,,,,
39823,00-0039823,JON275726,,Elijah Jones,CB,3800,ARI,2024,73,185,2000-01-08,24.649,Boston College,Atlantic Coast Conference,1,28,3,Undrafted,90.0,ARI,2024,4.44,,131.0,,,,,42.5,,,,,,,,,,,
39824,00-0039824,WIL054234,,Jared Wiley,TE,2310,KC,2024,78,249,2000-11-02,23.83,TCU,Big Twelve Conference,1,12,4,Undrafted,131.0,KC,2024,4.62,,118.0,,7.19,,,37.0,,,,,,,,,,,
39825,00-0039825,HIC502297,,Jaden Hicks,SAF,2310,KC,2024,73,215,2002-08-16,22.047,Washington State,Pacific Twelve Conference,1,21,4,Undrafted,133.0,KC,2024,,16.0,122.0,4.37,6.88,,,37.5,,,,,,,,,,,
39826,00-0039826,TRO498404,,Jeremiah Trotter Jr.,LB,3700,PHI,2024,72,225,2002-12-24,21.691,Clemson,Atlantic Coast Conference,1,54,5,Undrafted,155.0,PHI,2024,,21.0,,4.4,7.13,,,,,,,,,,,,,,
39827,00-0039827,NOU415291,,Hunter Nourzad,C,2310,KC,2024,75,317,2000-11-26,23.765,Penn State,Big Ten Conference,1,60,5,Undrafted,159.0,KC,2024,,,,,,,,,,,,,,,,,,,
39828,00-0039828,ROU504348,,Walter Rouse,OT,3000,MIN,2024,78,330,2001-03-09,23.485,Oklahoma,Big Twelve Conference,1,78,6,Undrafted,177.0,MIN,2024,,,,,,,,,,,,,,,,,,,
39829,00-0039829,MUA504282,,Darius Muasau,LB,3410,NYG,2024,72,234,2001-02-10,23.559,UCLA,Pacific Twelve Conference,1,53,6,Undrafted,183.0,NYG,2024,4.7,,117.0,,,,,36.5,,,,,,,,,,,
39830,00-0039830,MCM094922,,Dylan McMahon,C,2510,LAR,2024,75,298,2001-01-22,23.611,N.C. State,Atlantic Coast Conference,1,63,6,Undrafted,190.0,PHI,2024,5.1,,115.0,4.33,7.26,,,33.0,,,,,,,,,,,
39831,00-0039831,HAD230716,,Kamal Hadden,CB,1800,GB,2024,73,192,2001-01-17,23.624,Tennessee,Southeastern Conference,1,36,6,Undrafted,211.0,KC,2024,,,,,,,,,,,,,,,,,,,
39832,00-0039832,KIN700686,,Jarrett Kingston,G,750,CAR,2024,76,308,1999-12-02,24.751,USC,Big Ten Conference,1,61,6,Undrafted,215.0,SF,2024,5.02,,111.0,4.47,7.53,,,31.5,,,,,,,,,,,
39833,00-0039833,HAN641526,,C.J. Hanson,G,2310,KC,2024,77,300,2001-03-03,23.501,Holy Cross,Patriot League,1,61,7,Undrafted,248.0,KC,2024,5.0,,115.0,,,,,33.5,,,,,,,,,,,
39834,00-0039834,KIN099099,,Kamren Kinchens,SAF,2510,LAR,2024,71,207,2002-09-29,21.923,Miami,Atlantic Coast Conference,1,26,3,Undrafted,99.0,LAR,2024,4.65,,110.0,,,,,35.0,,,,,,,,,,,
39835,00-0039835,EBO415291,,Justin Eboigbe,DT,4400,LAC,2024,77,292,2001-04-09,23.4,Alabama,Southeastern Conference,1,92,4,Undrafted,105.0,LAC,2024,5.18,,,,,,,28.0,,,,,,,,,,,
39836,00-0039836,JAC055625,,Brennan Jackson,LB,2510,LAR,2024,76,263,2000-10-14,23.882,Washington State,Pacific Twelve Conference,1,44,5,Undrafted,154.0,LAR,2024,4.69,21.0,114.0,,,,,33.5,,,,,,,,,,,
39837,00-0039837,TRI034508,,Bralen Trice,LB,200,ATL,2024,76,274,2001-02-26,23.515,Washington,Pacific Twelve Conference,1,48,3,Undrafted,74.0,ATL,2024,4.72,,,,,,,,,,,,,,,,,,
39838,00-0039838,BUL475420,,Calen Bullock,SAF,2120,HOU,2024,75,190,2003-04-30,21.342,USC,Pacific Twelve Conference,1,21,3,Undrafted,78.0,HOU,2024,4.48,,,,,,,,,,,,,,,,,,
39839,00-0039839,HAY586893,,Christian Haynes,G,4600,SEA,2024,75,318,2000-04-13,24.386,Connecticut,Independent,1,64,3,Undrafted,81.0,SEA,2024,5.03,,102.0,,,,,33.0,,,,,,,,,,,
39840,00-0039840,BOO005373,,Austin Booker,DE,810,CHI,2024,78,245,2002-12-14,21.718,Kansas,Big Twelve Conference,1,94,5,Undrafted,144.0,CHI,2024,4.79,,120.0,,,,,32.5,,,,,,,,,,,
39841,00-0039841,DEJ226521,,Cooper DeJean,CB,3700,PHI,2024,72,198,2003-02-09,21.561,Iowa,Big Ten Conference,1,33,2,Undrafted,40.0,PHI,2024,,,,,,,,,,,,,,,,,,,
39842,00-0039842,JER477236,,Michael Jerrell,OT,4600,SEA,2024,77,309,1999-08-18,25.041,Findlay,Great Lakes Intercollegiate Athletic Conference,1,65,6,Undrafted,207.0,SEA,2024,,,,,,,,,,,,,,,,,,,
39844,00-0039844,SUA474618,,Kingsley Suamataia,OT,2310,KC,2024,76,326,2003-01-18,21.621,BYU,Big Twelve Conference,1,76,2,Undrafted,63.0,KC,2024,5.04,,110.0,,,,,28.0,,,,,,,,,,,
39846,00-0039846,SMI765745,,Tykee Smith,SAF,4900,TB,2024,70,202,2001-02-18,23.537,Georgia,Southeastern Conference,1,23,3,Undrafted,89.0,TB,2024,4.46,,120.0,,,,,36.0,,,,,,,,,,,
39847,00-0039847,JOH679524,,Theo Johnson,TE,3410,NYG,2024,78,264,2001-02-26,23.515,Penn State,Big Ten Conference,1,84,4,Undrafted,107.0,NYG,2024,4.57,,125.0,4.19,7.15,,,39.5,,,,,,,,,,,
39849,00-0039849,HAR648677,,Marvin Harrison Jr.,WR,3800,ARI,2024,75,220,2002-08-11,22.06,Ohio State,Big Ten Conference,1,18,1,Undrafted,4.0,ARI,2024,,,,,,,,,,,,,,,,,,,
39850,00-0039850,COO535990,,Edgerrin Cooper,LB,1800,GB,2024,74,229,2001-11-17,22.792,Texas A&M,Southeastern Conference,1,56,2,Undrafted,45.0,GB,2024,4.51,,118.0,,,,,34.5,,,,,,,,,,,
39851,00-0039851,MAY289639,,Drake Maye,QB,3200,NE,2024,76,225,2002-08-30,22.008,North Carolina,Atlantic Coast Conference,1,10,1,Undrafted,3.0,NE,2024,,,,,,,,,,,,,,,,,,,
39852,00-0039852,VER641394,,Jared Verse,LB,2510,LAR,2024,76,260,2000-11-04,23.825,Florida State,Atlantic Coast Conference,1,8,1,Undrafted,19.0,LAR,2024,4.58,31.0,127.0,4.44,7.31,,,35.0,,,,,,,,,,,
39853,00-0039853,BAK232522,,Javon Baker,WR,3200,NE,2024,73,202,2002-02-18,22.537,UCF,Big Twelve Conference,1,6,4,Undrafted,110.0,NE,2024,4.54,,121.0,,,,,37.0,,,,,,,,,,,
39854,00-0039854,ROB388955,,Darius Robinson,DL,3800,ARI,2024,77,285,2001-09-13,22.967,Missouri,Southeastern Conference,1,56,1,Undrafted,27.0,ARI,2024,4.95,21.0,111.0,,,,,35.0,,,,,,,,,,,
39855,00-0039855,MCM472299,,Jalen McMillan,WR,4900,TB,2024,73,192,2001-12-07,22.737,Washington,Pacific Twelve Conference,1,15,3,Undrafted,92.0,TB,2024,4.47,,127.0,4.18,6.94,,,37.0,,,,,,,,,,,
39857,00-0039857,FIS188380,,Blake Fisher,OT,2120,HOU,2024,78,310,2003-03-25,21.441,Notre Dame,Independent,1,57,2,Undrafted,59.0,HOU,2024,5.2,,114.0,4.73,7.76,,,28.0,,,,,,,,,,,
39858,00-0039858,GRA613330,,Cedric Gray,LB,2100,TEN,2024,74,235,2002-10-30,21.841,North Carolina,Atlantic Coast Conference,1,51,4,Undrafted,106.0,TEN,2024,4.64,17.0,120.0,,,,,35.5,,,,,,,,,,,
39859,00-0039859,DOR149742,,Brandon Dorlus,DE,200,ATL,2024,75,295,2001-03-22,23.449,Oregon,Pacific Twelve Conference,1,54,4,Undrafted,109.0,ATL,2024,4.85,,111.0,4.85,7.43,,,30.5,,,,,,,,,,,
39860,00-0039860,MCK667314,,Kool-Aid McKinstry,CB,3300,NO,2024,71,199,2002-09-30,21.921,Alabama,Southeastern Conference,1,14,2,Undrafted,41.0,NO,2024,,,,,,,,,,,,,,,,,,,
39861,00-0039861,NUB415291,,Tyler Nubin,SAF,3410,NYG,2024,74,210,2001-06-14,23.219,Minnesota,Big Ten Conference,1,31,2,Undrafted,47.0,NYG,2024,,,,,,,,,,,,,,,,,,,
39862,00-0039862,RAK373762,,Ennis Rakestraw Jr.,CB,1540,DET,2024,71,188,2002-06-05,22.244,Missouri,Southeastern Conference,1,15,2,Undrafted,61.0,DET,2024,4.51,,120.0,,,,,,,,,,,,,,,,
39863,00-0039863,WAL422259,,Caedan Wallace,OT,3200,NE,2024,77,314,2000-04-18,24.372,Penn State,Big Ten Conference,1,70,3,Undrafted,68.0,NE,2024,5.15,,116.0,,,,,31.0,,,,,,,,,,,
39864,00-0039864,TAY812808,,Dadrion Taylor-Demerson,SAF,3800,ARI,2024,70,197,2001-01-20,23.616,Texas Tech,Big Twelve Conference,1,42,4,Undrafted,104.0,ARI,2024,4.41,,123.0,,,,,38.0,,,,,,,,,,,
39867,00-0039867,BUL364409,,Javon Bullard,SAF,1800,GB,2024,70,198,2002-09-05,21.989,Georgia,Southeastern Conference,1,20,2,Undrafted,58.0,GB,2024,4.47,,,,,,,,,,,,,,,,,,
39868,00-0039868,FRA545210,,Troy Franklin,WR,1400,DEN,2024,75,180,2003-02-06,21.569,Oregon,Pacific Twelve Conference,1,16,4,Undrafted,102.0,DEN,2024,4.41,,124.0,4.31,6.9,,,39.0,,,,,,,,,,,
39871,00-0039871,FAU766320,,Troy Fautanu,OT,3900,PIT,2024,76,317,2000-10-11,23.89,Washington,Pacific Twelve Conference,1,76,1,Undrafted,20.0,PIT,2024,5.01,,113.0,,,,,32.5,,,,,,,,,,,
39872,00-0039872,BIS244955,,Cole Bishop,SAF,610,BUF,2024,74,207,2002-10-24,21.858,Utah,Pacific Twelve Conference,1,24,2,Undrafted,60.0,BUF,2024,4.45,,124.0,,,,,39.0,,,,,,,,,,,
39873,00-0039873,CAR644270,,DeWayne Carter,DT,610,BUF,2024,74,305,2000-12-10,23.726,Duke,Atlantic Coast Conference,1,90,3,Undrafted,95.0,BUF,2024,4.99,,109.0,4.75,7.95,,,32.0,,,,,,,,,,,
39874,00-0039874,WRI398099,,Jaylen Wright,RB,2700,MIA,2024,70,208,2003-04-01,21.422,Tennessee,Southeastern Conference,1,25,4,Undrafted,120.0,MIA,2024,4.38,,134.0,,,,,38.0,,,,,,,,,,,
39875,00-0039875,DAV632804,,Ray Davis,RB,610,BUF,2024,68,220,1999-11-20,24.784,Kentucky,Southeastern Conference,1,22,4,Undrafted,128.0,BUF,2024,4.52,,119.0,4.51,,,,35.0,,,,,,,,,,,
39876,00-0039876,VAN715349,,Sedrick Van Pran-Granger,C,610,BUF,2024,76,310,2001-10-23,22.86,Georgia,Southeastern Conference,1,62,5,Undrafted,141.0,BUF,2024,5.2,,,4.82,7.46,,,,,,,,,,,,,,
39877,00-0039877,KAM316529,,Mohamed Kamara,LB,2700,MIA,2024,73,253,2000-06-09,24.23,Colorado State,Mountain West Conference,1,50,5,Undrafted,158.0,MIA,2024,4.57,23.0,123.0,,,,,34.5,,,,,,,,,,,
39878,00-0039878,ULO415291,,Edefuan Ulofoshio,LB,610,BUF,2024,73,239,2000-01-23,24.608,Washington,Pacific Twelve Conference,1,48,5,Undrafted,160.0,BUF,2024,4.56,,128.0,,,,,39.5,,,,,,,,,,,
39879,00-0039879,SOL228092,,Javon Solomon,DE,610,BUF,2024,73,246,2001-01-17,23.624,Troy,Sun Belt Conference,1,56,5,Undrafted,168.0,BUF,2024,4.72,23.0,119.0,,,,,37.0,,,,,,,,,,,
39880,00-0039880,WAS519225,,Malik Washington,WR,2700,MIA,2024,68,195,2000-10-20,23.866,Virginia,Atlantic Coast Conference,1,83,6,Undrafted,184.0,MIA,2024,4.47,19.0,126.0,,,,,42.5,,,,,,,,,,,
39881,00-0039881,MCM691571,,Patrick McMorris,SAF,2700,MIA,2024,72,206,2001-10-18,22.874,California,Pacific Twelve Conference,1,32,6,Undrafted,198.0,MIA,2024,,14.0,112.0,,,,,31.0,,,,,,,,,,,
39882,00-0039882,GRA027444,,Tylan Grable,OT,610,BUF,2024,77,313,1999-10-04,24.912,UCF,Big Twelve Conference,1,68,6,Undrafted,204.0,BUF,2024,4.95,,117.0,,,,,36.5,,,,,,,,,,,
39883,00-0039883,HAR090900,,Daequan Hardy,CB,610,BUF,2024,69,178,2001-06-13,23.222,Penn State,Big Ten Conference,1,25,6,Undrafted,219.0,BUF,2024,4.38,,126.0,,,,,42.5,,,,,,,,,,,
39886,00-0039886,SWE036191,,T'Vondre Sweat,DT,2100,TEN,2024,76,366,2001-07-11,23.145,Texas,Big Twelve Conference,1,93,2,Undrafted,38.0,TEN,2024,5.27,,98.0,,,,,26.0,,,,,,,,,,,
39887,00-0039887,ROB617155,,Layden Robinson,G,3200,NE,2024,75,311,2001-05-03,23.334,Texas A&M,Southeastern Conference,1,64,4,Undrafted,103.0,NE,2024,,,111.0,,,,,26.5,,,,,,,,,,,
39888,00-0039888,MIT626299,,Quinyon Mitchell,CB,3700,PHI,2024,72,193,2001-07-18,23.126,Toledo,Mid-American Conference,1,27,1,Undrafted,22.0,PHI,2024,4.33,20.0,122.0,,,,,38.0,,,,,,,,,,,
39889,00-0039889,SMI501138,,Maason Smith,DT,2250,JAX,2024,77,306,2002-10-13,21.888,LSU,Southeastern Conference,1,94,2,Undrafted,48.0,JAX,2024,5.01,,108.0,4.69,7.62,,,31.0,,,,,,,,,,,
39890,00-0039890,MIT056120,,Adonai Mitchell,WR,2200,IND,2024,74,205,2002-10-08,21.901,Texas,Big Twelve Conference,1,10,2,Undrafted,52.0,IND,2024,4.34,,136.0,,,,,39.5,,,,,,,,,,,
39893,00-0039893,THO419793,,Brian Thomas Jr.,WR,2250,JAX,2024,74,209,2002-10-08,21.901,LSU,Southeastern Conference,1,7,1,Undrafted,23.0,JAX,2024,4.33,11.0,126.0,,,,,38.5,,,,,,,,,,,
39894,00-0039894,WOR741496,,Xavier Worthy,WR,2310,KC,2024,71,165,2003-04-27,21.35,Texas,Big Twelve Conference,1,1,1,Undrafted,28.0,KC,2024,4.21,,131.0,,,,,41.0,,,,,,,,,,,
39895,00-0039895,HAL648337,,Mike Hall Jr.,DT,1050,CLE,2024,75,300,2003-06-13,21.222,Ohio State,Big Ten Conference,1,51,2,Undrafted,54.0,CLE,2024,,,,,,,,,,,,,,,,,,,
39896,00-0039896,FRA828596,,Zach Frazier,C,3900,PIT,2024,75,310,2001-08-29,23.011,West Virginia,Big Twelve Conference,1,54,2,Undrafted,51.0,PIT,2024,,,,,,,,,,,,,,,,,,,
39897,00-0039897,ALT138430,,Joe Alt,OT,4400,LAC,2024,80,322,2003-02-28,21.509,Notre Dame,Independent,1,76,1,Undrafted,5.0,LAC,2024,5.05,,112.0,4.51,7.31,,,28.0,,,,,,,,,,,
39898,00-0039898,SAI624938,,Mike Sainristil,CB,5110,WAS,2024,70,182,2000-10-03,23.912,Michigan,Big Ten Conference,1,0,2,Undrafted,50.0,WAS,2024,4.47,14.0,131.0,4.01,6.99,,,40.0,,,,,,,,,,,
39899,00-0039899,PAU315620,,Patrick Paul,OT,2700,MIA,2024,79,326,2001-11-01,22.836,Houston,Big Twelve Conference,1,52,2,Undrafted,55.0,MIA,2024,5.13,,,,7.65,,,29.0,,,,,,,,,,,
39900,00-0039900,KNE426541,,Marshawn Kneeland,DE,1200,DAL,2024,75,268,2001-07-08,23.153,Western Michigan,Mid-American Conference,1,94,2,Undrafted,56.0,DAL,2024,4.75,21.0,119.0,4.18,7.02,,,35.5,,,,,,,,,,,
39901,00-0039901,COL295571,,Keon Coleman,WR,610,BUF,2024,76,215,2003-05-17,21.296,Florida State,Atlantic Coast Conference,1,0,2,Undrafted,33.0,BUF,2024,4.61,,127.0,,,,,38.0,,,,,,,,,,,
39902,00-0039902,BRA659472,,Chris Braswell,LB,4900,TB,2024,75,255,2001-10-25,22.855,Alabama,Southeastern Conference,1,43,2,Undrafted,57.0,TB,2024,4.6,,115.0,,,,,33.5,,,,,,,,,,,
39903,00-0039903,ARN739342,,Terrion Arnold,CB,1540,DET,2024,72,195,2003-03-22,21.449,Alabama,Southeastern Conference,1,0,1,Undrafted,24.0,DET,2024,4.5,,129.0,,,,,37.0,,,,,,,,,,,
39904,00-0039904,MOR166787,,Jordan Morgan,OT,1800,GB,2024,77,311,2001-08-04,23.079,Arizona,Pacific Twelve Conference,1,77,1,Undrafted,25.0,GB,2024,5.04,,110.0,,,,,28.0,,,,,,,,,,,
39905,00-0039905,BAR768688,,Graham Barton,C,4900,TB,2024,77,314,2002-06-01,22.255,Duke,Atlantic Coast Conference,1,62,1,Undrafted,26.0,TB,2024,,,,,,,,,,,,,,,,,,,
39906,00-0039906,NEW714885,,Jer'Zhan Newton,DT,5110,WAS,2024,74,295,2002-08-31,22.005,Illinois,Big Ten Conference,1,95,2,Undrafted,36.0,WAS,2024,,,,,,,,,,,,,,,,,,,
39907,00-0039907,POL136646,,Ja'Lynn Polk,WR,3200,NE,2024,73,203,2002-04-11,22.394,Washington,Pacific Twelve Conference,1,1,2,Undrafted,37.0,NE,2024,4.52,,129.0,,,,,37.5,,,,,,,,,,,
39908,00-0039908,JEN339534,,Kris Jenkins,DT,920,CIN,2024,75,310,2001-10-10,22.896,Michigan,Big Ten Conference,1,90,2,Undrafted,49.0,CIN,2024,4.91,29.0,115.0,4.78,,,,30.0,,,,,,,,,,,
39910,00-0039910,DAN567618,,Jayden Daniels,QB,5110,WAS,2024,76,210,2000-12-18,23.704,LSU,Southeastern Conference,1,5,1,Undrafted,2.0,WAS,2024,,,,,,,,,,,,,,,,,,,
39911,00-0039911,ROB380868,,Chop Robinson,LB,2700,MIA,2024,75,254,2003-01-02,21.665,Penn State,Big Ten Conference,1,44,1,Undrafted,21.0,MIA,2024,4.48,,128.0,4.25,,,,34.5,,,,,,,,,,,
39912,00-0039912,SIN713776,,Ben Sinnott,TE,5110,WAS,2024,76,245,2002-06-14,22.219,Kansas State,Big Twelve Conference,1,82,2,Undrafted,53.0,WAS,2024,4.68,,126.0,4.23,6.82,,,40.0,,,,,,,,,,,
39913,00-0039913,COL221902,,Brandon Coleman,OT,5110,WAS,2024,78,320,2000-10-12,23.888,TCU,Big Twelve Conference,1,74,3,Undrafted,67.0,WAS,2024,4.99,,114.0,,,,,34.0,,,,,,,,,,,
39915,00-0039915,MCC512833,,Ladd McConkey,WR,4400,LAC,2024,72,185,2001-11-11,22.808,Georgia,Southeastern Conference,1,15,2,Undrafted,34.0,LAC,2024,4.39,13.0,124.0,,,,,36.0,,,,,,,,,,,
39916,00-0039916,PEA307677,,Ricky Pearsall,WR,4500,SF,2024,73,189,2000-09-09,23.978,Florida,Southeastern Conference,1,14,1,Undrafted,31.0,SF,2024,4.41,17.0,129.0,4.05,6.64,,,42.0,,,,,,,,,,,
39917,00-0039917,PEN238127,,Michael Penix Jr.,QB,200,ATL,2024,75,220,2000-05-08,24.318,Washington,Pacific Twelve Conference,1,9,1,Undrafted,8.0,ATL,2024,,,,,,,,,,,,,,,,,,,
39918,00-0039918,WIL176897,,Caleb Williams,QB,810,CHI,2024,73,226,2001-11-18,22.789,USC,Pacific Twelve Conference,1,18,1,Undrafted,1.0,CHI,2024,,,,,,,,,,,,,,,,,,,
39919,00-0039919,ODU426541,,Rome Odunze,WR,810,CHI,2024,75,215,2002-06-03,22.249,Washington,Pacific Twelve Conference,1,15,1,Undrafted,9.0,CHI,2024,4.45,,124.0,4.03,6.88,,,39.0,,,,,,,,,,,
39920,00-0039920,COR399318,,Malachi Corley,WR,3430,NYJ,2024,71,215,2002-03-21,22.452,Western Kentucky,Conference USA,1,14,3,Undrafted,65.0,NYJ,2024,,,,,,,,,,,,,,,,,,,
39921,00-0039921,BEN649191,,Trey Benson,RB,3800,ARI,2024,72,220,2002-07-23,22.112,Florida State,Atlantic Coast Conference,1,33,3,Undrafted,66.0,ARI,2024,4.39,,122.0,,,,,33.5,,,,,,,,,,,
39923,00-0039923,MCC189531,,J.J. McCarthy,QB,3000,MIN,2024,75,219,2003-01-20,21.616,Michigan,Big Ten Conference,1,9,1,Undrafted,10.0,MIN,2024,,,,4.23,6.82,,,,,,,,,,,,,,
39924,00-0039924,TUR246013,,Dallas Turner,LB,3000,MIN,2024,75,247,2003-02-02,21.58,Alabama,Southeastern Conference,1,15,1,Undrafted,17.0,MIN,2024,4.46,,127.0,,,,,40.5,,,,,,,,,,,
39925,00-0039925,MIM574524,,Amarius Mims,OT,920,CIN,2024,80,350,2002-10-14,21.885,Georgia,Southeastern Conference,1,71,1,Undrafted,18.0,CIN,2024,5.07,,111.0,,,,,25.5,,,,,,,,,,,